-- MySQL dump 10.13  Distrib 8.0.36, for Win64 (x86_64)
--
-- Host: 172.29.1.77    Database: proximahoraDB
-- ------------------------------------------------------
-- Server version	5.5.5-10.6.18-MariaDB-0ubuntu0.22.04.1

/*!40101 SET @OLD_CHARACTER_SET_CLIENT=@@CHARACTER_SET_CLIENT */;
/*!40101 SET @OLD_CHARACTER_SET_RESULTS=@@CHARACTER_SET_RESULTS */;
/*!40101 SET @OLD_COLLATION_CONNECTION=@@COLLATION_CONNECTION */;
/*!50503 SET NAMES utf8 */;
/*!40103 SET @OLD_TIME_ZONE=@@TIME_ZONE */;
/*!40103 SET TIME_ZONE='+00:00' */;
/*!40014 SET @OLD_UNIQUE_CHECKS=@@UNIQUE_CHECKS, UNIQUE_CHECKS=0 */;
/*!40014 SET @OLD_FOREIGN_KEY_CHECKS=@@FOREIGN_KEY_CHECKS, FOREIGN_KEY_CHECKS=0 */;
/*!40101 SET @OLD_SQL_MODE=@@SQL_MODE, SQL_MODE='NO_AUTO_VALUE_ON_ZERO' */;
/*!40111 SET @OLD_SQL_NOTES=@@SQL_NOTES, SQL_NOTES=0 */;

--
-- Table structure for table `auth_group`
--

DROP TABLE IF EXISTS `auth_group`;
/*!40101 SET @saved_cs_client     = @@character_set_client */;
/*!50503 SET character_set_client = utf8mb4 */;
CREATE TABLE `auth_group` (
  `id` int(11) NOT NULL AUTO_INCREMENT,
  `name` varchar(150) NOT NULL,
  PRIMARY KEY (`id`),
  UNIQUE KEY `name` (`name`)
) ENGINE=InnoDB DEFAULT CHARSET=utf8mb4 COLLATE=utf8mb4_general_ci;
/*!40101 SET character_set_client = @saved_cs_client */;

--
-- Dumping data for table `auth_group`
--

LOCK TABLES `auth_group` WRITE;
/*!40000 ALTER TABLE `auth_group` DISABLE KEYS */;
/*!40000 ALTER TABLE `auth_group` ENABLE KEYS */;
UNLOCK TABLES;

--
-- Table structure for table `auth_group_permissions`
--

DROP TABLE IF EXISTS `auth_group_permissions`;
/*!40101 SET @saved_cs_client     = @@character_set_client */;
/*!50503 SET character_set_client = utf8mb4 */;
CREATE TABLE `auth_group_permissions` (
  `id` bigint(20) NOT NULL AUTO_INCREMENT,
  `group_id` int(11) NOT NULL,
  `permission_id` int(11) NOT NULL,
  PRIMARY KEY (`id`),
  UNIQUE KEY `auth_group_permissions_group_id_permission_id_0cd325b0_uniq` (`group_id`,`permission_id`),
  KEY `auth_group_permissio_permission_id_84c5c92e_fk_auth_perm` (`permission_id`),
  CONSTRAINT `auth_group_permissio_permission_id_84c5c92e_fk_auth_perm` FOREIGN KEY (`permission_id`) REFERENCES `auth_permission` (`id`),
  CONSTRAINT `auth_group_permissions_group_id_b120cbf9_fk_auth_group_id` FOREIGN KEY (`group_id`) REFERENCES `auth_group` (`id`)
) ENGINE=InnoDB DEFAULT CHARSET=utf8mb4 COLLATE=utf8mb4_general_ci;
/*!40101 SET character_set_client = @saved_cs_client */;

--
-- Dumping data for table `auth_group_permissions`
--

LOCK TABLES `auth_group_permissions` WRITE;
/*!40000 ALTER TABLE `auth_group_permissions` DISABLE KEYS */;
/*!40000 ALTER TABLE `auth_group_permissions` ENABLE KEYS */;
UNLOCK TABLES;

--
-- Table structure for table `auth_permission`
--

DROP TABLE IF EXISTS `auth_permission`;
/*!40101 SET @saved_cs_client     = @@character_set_client */;
/*!50503 SET character_set_client = utf8mb4 */;
CREATE TABLE `auth_permission` (
  `id` int(11) NOT NULL AUTO_INCREMENT,
  `name` varchar(255) NOT NULL,
  `content_type_id` int(11) NOT NULL,
  `codename` varchar(100) NOT NULL,
  PRIMARY KEY (`id`),
  UNIQUE KEY `auth_permission_content_type_id_codename_01ab375a_uniq` (`content_type_id`,`codename`),
  CONSTRAINT `auth_permission_content_type_id_2f476e4b_fk_django_co` FOREIGN KEY (`content_type_id`) REFERENCES `django_content_type` (`id`)
) ENGINE=InnoDB AUTO_INCREMENT=133 DEFAULT CHARSET=utf8mb4 COLLATE=utf8mb4_general_ci;
/*!40101 SET character_set_client = @saved_cs_client */;

--
-- Dumping data for table `auth_permission`
--

LOCK TABLES `auth_permission` WRITE;
/*!40000 ALTER TABLE `auth_permission` DISABLE KEYS */;
INSERT INTO `auth_permission` VALUES (1,'Can add log entry',1,'add_logentry'),(2,'Can change log entry',1,'change_logentry'),(3,'Can delete log entry',1,'delete_logentry'),(4,'Can view log entry',1,'view_logentry'),(5,'Can add permission',2,'add_permission'),(6,'Can change permission',2,'change_permission'),(7,'Can delete permission',2,'delete_permission'),(8,'Can view permission',2,'view_permission'),(9,'Can add group',3,'add_group'),(10,'Can change group',3,'change_group'),(11,'Can delete group',3,'delete_group'),(12,'Can view group',3,'view_group'),(13,'Can add user',4,'add_user'),(14,'Can change user',4,'change_user'),(15,'Can delete user',4,'delete_user'),(16,'Can view user',4,'view_user'),(17,'Can add content type',5,'add_contenttype'),(18,'Can change content type',5,'change_contenttype'),(19,'Can delete content type',5,'delete_contenttype'),(20,'Can view content type',5,'view_contenttype'),(21,'Can add session',6,'add_session'),(22,'Can change session',6,'change_session'),(23,'Can delete session',6,'delete_session'),(24,'Can view session',6,'view_session'),(25,'Can add forma pago gral',7,'add_formapagogral'),(26,'Can change forma pago gral',7,'change_formapagogral'),(27,'Can delete forma pago gral',7,'delete_formapagogral'),(28,'Can view forma pago gral',7,'view_formapagogral'),(29,'Can add forma pago salud',8,'add_formapagosalud'),(30,'Can change forma pago salud',8,'change_formapagosalud'),(31,'Can delete forma pago salud',8,'delete_formapagosalud'),(32,'Can view forma pago salud',8,'view_formapagosalud'),(33,'Can add modalidad atencion',9,'add_modalidadatencion'),(34,'Can change modalidad atencion',9,'change_modalidadatencion'),(35,'Can delete modalidad atencion',9,'delete_modalidadatencion'),(36,'Can view modalidad atencion',9,'view_modalidadatencion'),(37,'Can add planes',10,'add_planes'),(38,'Can change planes',10,'change_planes'),(39,'Can delete planes',10,'delete_planes'),(40,'Can view planes',10,'view_planes'),(41,'Can add promociones',11,'add_promociones'),(42,'Can change promociones',11,'change_promociones'),(43,'Can delete promociones',11,'delete_promociones'),(44,'Can view promociones',11,'view_promociones'),(45,'Can add regiones',12,'add_regiones'),(46,'Can change regiones',12,'change_regiones'),(47,'Can delete regiones',12,'delete_regiones'),(48,'Can view regiones',12,'view_regiones'),(49,'Can add rubros',13,'add_rubros'),(50,'Can change rubros',13,'change_rubros'),(51,'Can delete rubros',13,'delete_rubros'),(52,'Can view rubros',13,'view_rubros'),(53,'Can add tipo prevision',14,'add_tipoprevision'),(54,'Can change tipo prevision',14,'change_tipoprevision'),(55,'Can delete tipo prevision',14,'delete_tipoprevision'),(56,'Can view tipo prevision',14,'view_tipoprevision'),(57,'Can add comunas',15,'add_comunas'),(58,'Can change comunas',15,'change_comunas'),(59,'Can delete comunas',15,'delete_comunas'),(60,'Can view comunas',15,'view_comunas'),(61,'Can add ciudades',16,'add_ciudades'),(62,'Can change ciudades',16,'change_ciudades'),(63,'Can delete ciudades',16,'delete_ciudades'),(64,'Can view ciudades',16,'view_ciudades'),(65,'Can add categorias',17,'add_categorias'),(66,'Can change categorias',17,'change_categorias'),(67,'Can delete categorias',17,'delete_categorias'),(68,'Can view categorias',17,'view_categorias'),(69,'Can add sub categorias',18,'add_subcategorias'),(70,'Can change sub categorias',18,'change_subcategorias'),(71,'Can delete sub categorias',18,'delete_subcategorias'),(72,'Can view sub categorias',18,'view_subcategorias'),(73,'Can add especialistas planes suscripcion',19,'add_especialistasplanessuscripcion'),(74,'Can change especialistas planes suscripcion',19,'change_especialistasplanessuscripcion'),(75,'Can delete especialistas planes suscripcion',19,'delete_especialistasplanessuscripcion'),(76,'Can view especialistas planes suscripcion',19,'view_especialistasplanessuscripcion'),(77,'Can add especialistas consultas',20,'add_especialistasconsultas'),(78,'Can change especialistas consultas',20,'change_especialistasconsultas'),(79,'Can delete especialistas consultas',20,'delete_especialistasconsultas'),(80,'Can view especialistas consultas',20,'view_especialistasconsultas'),(81,'Can add especialistas agendas',21,'add_especialistasagendas'),(82,'Can change especialistas agendas',21,'change_especialistasagendas'),(83,'Can delete especialistas agendas',21,'delete_especialistasagendas'),(84,'Can view especialistas agendas',21,'view_especialistasagendas'),(85,'Can add especialistas contratos',22,'add_especialistascontratos'),(86,'Can change especialistas contratos',22,'change_especialistascontratos'),(87,'Can delete especialistas contratos',22,'delete_especialistascontratos'),(88,'Can view especialistas contratos',22,'view_especialistascontratos'),(89,'Can add especialistas fichas',23,'add_especialistasfichas'),(90,'Can change especialistas fichas',23,'change_especialistasfichas'),(91,'Can delete especialistas fichas',23,'delete_especialistasfichas'),(92,'Can view especialistas fichas',23,'view_especialistasfichas'),(93,'Can add especialistas horas agendadas',24,'add_especialistashorasagendadas'),(94,'Can change especialistas horas agendadas',24,'change_especialistashorasagendadas'),(95,'Can delete especialistas horas agendadas',24,'delete_especialistashorasagendadas'),(96,'Can view especialistas horas agendadas',24,'view_especialistashorasagendadas'),(97,'Can add especialistas pagos',25,'add_especialistaspagos'),(98,'Can change especialistas pagos',25,'change_especialistaspagos'),(99,'Can delete especialistas pagos',25,'delete_especialistaspagos'),(100,'Can view especialistas pagos',25,'view_especialistaspagos'),(101,'Can add especialistas r salud pagos',26,'add_especialistasrsaludpagos'),(102,'Can change especialistas r salud pagos',26,'change_especialistasrsaludpagos'),(103,'Can delete especialistas r salud pagos',26,'delete_especialistasrsaludpagos'),(104,'Can view especialistas r salud pagos',26,'view_especialistasrsaludpagos'),(105,'Can add usuarios agendas',27,'add_usuariosagendas'),(106,'Can change usuarios agendas',27,'change_usuariosagendas'),(107,'Can delete usuarios agendas',27,'delete_usuariosagendas'),(108,'Can view usuarios agendas',27,'view_usuariosagendas'),(109,'Can add usuarios especialistas',28,'add_usuariosespecialistas'),(110,'Can change usuarios especialistas',28,'change_usuariosespecialistas'),(111,'Can delete usuarios especialistas',28,'delete_usuariosespecialistas'),(112,'Can view usuarios especialistas',28,'view_usuariosespecialistas'),(113,'Can add usuarios personas',29,'add_usuariospersonas'),(114,'Can change usuarios personas',29,'change_usuariospersonas'),(115,'Can delete usuarios personas',29,'delete_usuariospersonas'),(116,'Can view usuarios personas',29,'view_usuariospersonas'),(117,'Can add usuarios evaluacion',30,'add_usuariosevaluacion'),(118,'Can change usuarios evaluacion',30,'change_usuariosevaluacion'),(119,'Can delete usuarios evaluacion',30,'delete_usuariosevaluacion'),(120,'Can view usuarios evaluacion',30,'view_usuariosevaluacion'),(121,'Can add especialistas imagenes',31,'add_especialistasimagenes'),(122,'Can change especialistas imagenes',31,'change_especialistasimagenes'),(123,'Can delete especialistas imagenes',31,'delete_especialistasimagenes'),(124,'Can view especialistas imagenes',31,'view_especialistasimagenes'),(125,'Can add especialistas documentos',32,'add_especialistasdocumentos'),(126,'Can change especialistas documentos',32,'change_especialistasdocumentos'),(127,'Can delete especialistas documentos',32,'delete_especialistasdocumentos'),(128,'Can view especialistas documentos',32,'view_especialistasdocumentos'),(129,'Can add usuarios register request',33,'add_usuariosregisterrequest'),(130,'Can change usuarios register request',33,'change_usuariosregisterrequest'),(131,'Can delete usuarios register request',33,'delete_usuariosregisterrequest'),(132,'Can view usuarios register request',33,'view_usuariosregisterrequest');
/*!40000 ALTER TABLE `auth_permission` ENABLE KEYS */;
UNLOCK TABLES;

--
-- Table structure for table `auth_user`
--

DROP TABLE IF EXISTS `auth_user`;
/*!40101 SET @saved_cs_client     = @@character_set_client */;
/*!50503 SET character_set_client = utf8mb4 */;
CREATE TABLE `auth_user` (
  `id` int(11) NOT NULL AUTO_INCREMENT,
  `password` varchar(128) NOT NULL,
  `last_login` datetime(6) DEFAULT NULL,
  `is_superuser` tinyint(1) NOT NULL,
  `username` varchar(150) NOT NULL,
  `first_name` varchar(150) NOT NULL,
  `last_name` varchar(150) NOT NULL,
  `email` varchar(254) NOT NULL,
  `is_staff` tinyint(1) NOT NULL,
  `is_active` tinyint(1) NOT NULL,
  `date_joined` datetime(6) NOT NULL,
  PRIMARY KEY (`id`),
  UNIQUE KEY `username` (`username`)
) ENGINE=InnoDB AUTO_INCREMENT=35 DEFAULT CHARSET=utf8mb4 COLLATE=utf8mb4_general_ci;
/*!40101 SET character_set_client = @saved_cs_client */;

--
-- Dumping data for table `auth_user`
--

LOCK TABLES `auth_user` WRITE;
/*!40000 ALTER TABLE `auth_user` DISABLE KEYS */;
INSERT INTO `auth_user` VALUES (1,'pbkdf2_sha256$720000$jgJiLmeAOek8rzZm7FgM4Y$tW8NppqwxqZEHaPf8TR+ml+5Ywy6w0WMO1zuLmsuD7c=','2024-06-26 21:28:08.912421',1,'775251603','Administrador','Sistema','admin@proximahora.cl',1,1,'2024-03-22 00:49:29.465005'),(24,'pbkdf2_sha256$720000$nsyJNGGbvPoOK9q4htCf9M$jK9Dstm2ysf7EpHP42aOAMWnX2/q30Wq7QZCLPykBRE=',NULL,0,'74510884','Marcelo','Conlledo','aconlledo@vilco.cl',0,1,'2024-06-19 17:18:02.197606'),(34,'pbkdf2_sha256$720000$jFc3QdFnFKKax4eAORRsO1$t2i9C3EuH15qWJYiF7ME+tPQ3aVOP+o0JRJHpmCUJ8A=',NULL,0,'74510876','Armando','Conlledo','aconlledo@vilco.cl',0,0,'2024-06-26 23:51:52.471244');
/*!40000 ALTER TABLE `auth_user` ENABLE KEYS */;
UNLOCK TABLES;

--
-- Table structure for table `auth_user_groups`
--

DROP TABLE IF EXISTS `auth_user_groups`;
/*!40101 SET @saved_cs_client     = @@character_set_client */;
/*!50503 SET character_set_client = utf8mb4 */;
CREATE TABLE `auth_user_groups` (
  `id` bigint(20) NOT NULL AUTO_INCREMENT,
  `user_id` int(11) NOT NULL,
  `group_id` int(11) NOT NULL,
  PRIMARY KEY (`id`),
  UNIQUE KEY `auth_user_groups_user_id_group_id_94350c0c_uniq` (`user_id`,`group_id`),
  KEY `auth_user_groups_group_id_97559544_fk_auth_group_id` (`group_id`),
  CONSTRAINT `auth_user_groups_group_id_97559544_fk_auth_group_id` FOREIGN KEY (`group_id`) REFERENCES `auth_group` (`id`),
  CONSTRAINT `auth_user_groups_user_id_6a12ed8b_fk_auth_user_id` FOREIGN KEY (`user_id`) REFERENCES `auth_user` (`id`)
) ENGINE=InnoDB DEFAULT CHARSET=utf8mb4 COLLATE=utf8mb4_general_ci;
/*!40101 SET character_set_client = @saved_cs_client */;

--
-- Dumping data for table `auth_user_groups`
--

LOCK TABLES `auth_user_groups` WRITE;
/*!40000 ALTER TABLE `auth_user_groups` DISABLE KEYS */;
/*!40000 ALTER TABLE `auth_user_groups` ENABLE KEYS */;
UNLOCK TABLES;

--
-- Table structure for table `auth_user_user_permissions`
--

DROP TABLE IF EXISTS `auth_user_user_permissions`;
/*!40101 SET @saved_cs_client     = @@character_set_client */;
/*!50503 SET character_set_client = utf8mb4 */;
CREATE TABLE `auth_user_user_permissions` (
  `id` bigint(20) NOT NULL AUTO_INCREMENT,
  `user_id` int(11) NOT NULL,
  `permission_id` int(11) NOT NULL,
  PRIMARY KEY (`id`),
  UNIQUE KEY `auth_user_user_permissions_user_id_permission_id_14a6b632_uniq` (`user_id`,`permission_id`),
  KEY `auth_user_user_permi_permission_id_1fbb5f2c_fk_auth_perm` (`permission_id`),
  CONSTRAINT `auth_user_user_permi_permission_id_1fbb5f2c_fk_auth_perm` FOREIGN KEY (`permission_id`) REFERENCES `auth_permission` (`id`),
  CONSTRAINT `auth_user_user_permissions_user_id_a95ead1b_fk_auth_user_id` FOREIGN KEY (`user_id`) REFERENCES `auth_user` (`id`)
) ENGINE=InnoDB DEFAULT CHARSET=utf8mb4 COLLATE=utf8mb4_general_ci;
/*!40101 SET character_set_client = @saved_cs_client */;

--
-- Dumping data for table `auth_user_user_permissions`
--

LOCK TABLES `auth_user_user_permissions` WRITE;
/*!40000 ALTER TABLE `auth_user_user_permissions` DISABLE KEYS */;
/*!40000 ALTER TABLE `auth_user_user_permissions` ENABLE KEYS */;
UNLOCK TABLES;

--
-- Table structure for table `django_admin_log`
--

DROP TABLE IF EXISTS `django_admin_log`;
/*!40101 SET @saved_cs_client     = @@character_set_client */;
/*!50503 SET character_set_client = utf8mb4 */;
CREATE TABLE `django_admin_log` (
  `id` int(11) NOT NULL AUTO_INCREMENT,
  `action_time` datetime(6) NOT NULL,
  `object_id` longtext DEFAULT NULL,
  `object_repr` varchar(200) NOT NULL,
  `action_flag` smallint(5) unsigned NOT NULL CHECK (`action_flag` >= 0),
  `change_message` longtext NOT NULL,
  `content_type_id` int(11) DEFAULT NULL,
  `user_id` int(11) NOT NULL,
  PRIMARY KEY (`id`),
  KEY `django_admin_log_content_type_id_c4bce8eb_fk_django_co` (`content_type_id`),
  KEY `django_admin_log_user_id_c564eba6_fk_auth_user_id` (`user_id`),
  CONSTRAINT `django_admin_log_content_type_id_c4bce8eb_fk_django_co` FOREIGN KEY (`content_type_id`) REFERENCES `django_content_type` (`id`),
  CONSTRAINT `django_admin_log_user_id_c564eba6_fk_auth_user_id` FOREIGN KEY (`user_id`) REFERENCES `auth_user` (`id`)
) ENGINE=InnoDB DEFAULT CHARSET=utf8mb4 COLLATE=utf8mb4_general_ci;
/*!40101 SET character_set_client = @saved_cs_client */;

--
-- Dumping data for table `django_admin_log`
--

LOCK TABLES `django_admin_log` WRITE;
/*!40000 ALTER TABLE `django_admin_log` DISABLE KEYS */;
/*!40000 ALTER TABLE `django_admin_log` ENABLE KEYS */;
UNLOCK TABLES;

--
-- Table structure for table `django_content_type`
--

DROP TABLE IF EXISTS `django_content_type`;
/*!40101 SET @saved_cs_client     = @@character_set_client */;
/*!50503 SET character_set_client = utf8mb4 */;
CREATE TABLE `django_content_type` (
  `id` int(11) NOT NULL AUTO_INCREMENT,
  `app_label` varchar(100) NOT NULL,
  `model` varchar(100) NOT NULL,
  PRIMARY KEY (`id`),
  UNIQUE KEY `django_content_type_app_label_model_76bd3d3b_uniq` (`app_label`,`model`)
) ENGINE=InnoDB AUTO_INCREMENT=34 DEFAULT CHARSET=utf8mb4 COLLATE=utf8mb4_general_ci;
/*!40101 SET character_set_client = @saved_cs_client */;

--
-- Dumping data for table `django_content_type`
--

LOCK TABLES `django_content_type` WRITE;
/*!40000 ALTER TABLE `django_content_type` DISABLE KEYS */;
INSERT INTO `django_content_type` VALUES (1,'admin','logentry'),(3,'auth','group'),(2,'auth','permission'),(4,'auth','user'),(5,'contenttypes','contenttype'),(21,'especialistas','especialistasagendas'),(20,'especialistas','especialistasconsultas'),(22,'especialistas','especialistascontratos'),(32,'especialistas','especialistasdocumentos'),(23,'especialistas','especialistasfichas'),(24,'especialistas','especialistashorasagendadas'),(31,'especialistas','especialistasimagenes'),(25,'especialistas','especialistaspagos'),(19,'especialistas','especialistasplanessuscripcion'),(26,'especialistas','especialistasrsaludpagos'),(27,'especialistas','usuariosagendas'),(6,'sessions','session'),(17,'tablas','categorias'),(16,'tablas','ciudades'),(15,'tablas','comunas'),(7,'tablas','formapagogral'),(8,'tablas','formapagosalud'),(9,'tablas','modalidadatencion'),(10,'tablas','planes'),(11,'tablas','promociones'),(12,'tablas','regiones'),(13,'tablas','rubros'),(18,'tablas','subcategorias'),(14,'tablas','tipoprevision'),(28,'usuarios','usuariosespecialistas'),(30,'usuarios','usuariosevaluacion'),(29,'usuarios','usuariospersonas'),(33,'usuarios','usuariosregisterrequest');
/*!40000 ALTER TABLE `django_content_type` ENABLE KEYS */;
UNLOCK TABLES;

--
-- Table structure for table `django_migrations`
--

DROP TABLE IF EXISTS `django_migrations`;
/*!40101 SET @saved_cs_client     = @@character_set_client */;
/*!50503 SET character_set_client = utf8mb4 */;
CREATE TABLE `django_migrations` (
  `id` bigint(20) NOT NULL AUTO_INCREMENT,
  `app` varchar(255) NOT NULL,
  `name` varchar(255) NOT NULL,
  `applied` datetime(6) NOT NULL,
  PRIMARY KEY (`id`)
) ENGINE=InnoDB AUTO_INCREMENT=46 DEFAULT CHARSET=utf8mb4 COLLATE=utf8mb4_general_ci;
/*!40101 SET character_set_client = @saved_cs_client */;

--
-- Dumping data for table `django_migrations`
--

LOCK TABLES `django_migrations` WRITE;
/*!40000 ALTER TABLE `django_migrations` DISABLE KEYS */;
INSERT INTO `django_migrations` VALUES (1,'contenttypes','0001_initial','2024-05-22 20:21:05.236384'),(2,'auth','0001_initial','2024-05-22 20:21:06.174052'),(3,'admin','0001_initial','2024-05-22 20:21:06.364015'),(4,'admin','0002_logentry_remove_auto_add','2024-05-22 20:21:06.384363'),(5,'admin','0003_logentry_add_action_flag_choices','2024-05-22 20:21:06.406702'),(6,'contenttypes','0002_remove_content_type_name','2024-05-22 20:21:06.590264'),(7,'auth','0002_alter_permission_name_max_length','2024-05-22 20:21:06.689644'),(8,'auth','0003_alter_user_email_max_length','2024-05-22 20:21:06.759453'),(9,'auth','0004_alter_user_username_opts','2024-05-22 20:21:06.778570'),(10,'auth','0005_alter_user_last_login_null','2024-05-22 20:21:06.889722'),(11,'auth','0006_require_contenttypes_0002','2024-05-22 20:21:06.897091'),(12,'auth','0007_alter_validators_add_error_messages','2024-05-22 20:21:06.914961'),(13,'auth','0008_alter_user_username_max_length','2024-05-22 20:21:07.001897'),(14,'auth','0009_alter_user_last_name_max_length','2024-05-22 20:21:07.078935'),(15,'auth','0010_alter_group_name_max_length','2024-05-22 20:21:07.154886'),(16,'auth','0011_update_proxy_permissions','2024-05-22 20:21:07.178561'),(17,'auth','0012_alter_user_first_name_max_length','2024-05-22 20:21:07.260787'),(18,'tablas','0001_initial','2024-05-22 20:21:08.098225'),(19,'usuarios','0001_initial','2024-05-22 20:21:09.282475'),(20,'especialistas','0001_initial','2024-05-22 20:21:11.695609'),(21,'sessions','0001_initial','2024-05-22 20:21:11.791776'),(22,'especialistas','0002_alter_especialistasplanessuscripcion_table','2024-05-22 20:24:14.738508'),(23,'especialistas','0003_especialistasdocumentos_especialistasimagenes','2024-05-25 00:05:53.866913'),(24,'especialistas','0004_remove_especialistasimagenes_especialista_and_more','2024-05-25 00:07:42.608665'),(25,'especialistas','0005_especialistasdocumentos_especialistasimagenes','2024-05-25 00:08:59.832245'),(26,'usuarios','0002_alter_usuariosespecialistas_promedio_evaluacion','2024-05-25 01:26:10.231981'),(27,'especialistas','0006_delete_especialistasimagenes','2024-05-25 17:44:58.610553'),(28,'especialistas','0007_alter_especialistasdocumentos_options_and_more','2024-05-25 17:58:57.888269'),(29,'especialistas','0008_alter_especialistasdocumentos_usuario','2024-05-25 17:59:28.452986'),(30,'especialistas','0009_delete_especialistasdocumentos','2024-05-25 17:59:28.560082'),(31,'especialistas','0010_especialistasdocumentos','2024-05-25 18:03:57.434978'),(32,'especialistas','0011_alter_especialistasdocumentos_options_and_more','2024-05-28 22:30:58.142841'),(33,'usuarios','0003_alter_usuariosespecialistas_options_and_more','2024-05-28 22:30:58.218383'),(34,'especialistas','0012_alter_especialistasdocumentos_options_and_more','2024-05-28 22:39:13.150847'),(35,'especialistas','0013_especialistasimagenes','2024-05-28 22:44:58.528811'),(36,'especialistas','0014_alter_especialistasdocumentos_options_and_more','2024-05-29 04:18:10.391804'),(37,'especialistas','0015_alter_especialistasdocumentos_options_and_more','2024-05-29 04:19:14.843667'),(38,'usuarios','0004_usuariosregisterrequest','2024-06-11 01:26:08.570294'),(39,'tablas','0002_alter_planes_periodicidad','2024-06-13 01:49:58.062683'),(40,'usuarios','0005_alter_usuariospersonas_perfil_and_more','2024-06-13 01:49:58.098314'),(41,'usuarios','0006_alter_usuariosregisterrequest_options_and_more','2024-06-13 01:49:58.298474'),(42,'usuarios','0007_alter_usuariosregisterrequest_options_and_more','2024-06-16 01:50:44.562624'),(43,'usuarios','0008_alter_usuariosregisterrequest_options_and_more','2024-06-16 05:30:48.997966'),(44,'especialistas','0016_especialistaspagos_documento_and_more','2024-06-26 22:11:59.866417'),(45,'usuarios','0009_alter_usuariosespecialistas_tiempo_consulta_and_more','2024-06-26 22:11:59.899386');
/*!40000 ALTER TABLE `django_migrations` ENABLE KEYS */;
UNLOCK TABLES;

--
-- Table structure for table `django_session`
--

DROP TABLE IF EXISTS `django_session`;
/*!40101 SET @saved_cs_client     = @@character_set_client */;
/*!50503 SET character_set_client = utf8mb4 */;
CREATE TABLE `django_session` (
  `session_key` varchar(40) NOT NULL,
  `session_data` longtext NOT NULL,
  `expire_date` datetime(6) NOT NULL,
  PRIMARY KEY (`session_key`),
  KEY `django_session_expire_date_a5c62663` (`expire_date`)
) ENGINE=InnoDB DEFAULT CHARSET=utf8mb4 COLLATE=utf8mb4_general_ci;
/*!40101 SET character_set_client = @saved_cs_client */;

--
-- Dumping data for table `django_session`
--

LOCK TABLES `django_session` WRITE;
/*!40000 ALTER TABLE `django_session` DISABLE KEYS */;
INSERT INTO `django_session` VALUES ('0klvm4ifta1fp7mdoudsj6x7lut4gs7x','.eJxVjMsOwiAQRf-FtSE8C7h07zeQYQakaiAp7cr479qkC93ec859sQjbWuM28hJnYmcm2el3S4CP3HZAd2i3zrG3dZkT3xV-0MGvnfLzcrh_BxVG_dbK2VB0mAiEMCaLYqh4HdCokIKQBjDhRMX6rKzK0jnldSpoySFIMJa9P9YvN9c:1sFOBi:H5j-7XPA54ZBy4Wc95Y1jg0tVd-f3kgdKNgPKB4uohU','2024-06-21 01:14:38.874332'),('0n9a4pzn8n7es1z6l9f5m53dk1ibd5um','.eJxVjMsOwiAQRf-FtSE8C7h07zeQYQakaiAp7cr479qkC93ec859sQjbWuM28hJnYmcm2el3S4CP3HZAd2i3zrG3dZkT3xV-0MGvnfLzcrh_BxVG_dbK2VB0mAiEMCaLYqh4HdCokIKQBjDhRMX6rKzK0jnldSpoySFIMJa9P9YvN9c:1sHskG:rfc43uNfrNOU6e6H7JJm_ieLckFfwZNLAXtC3fNzfjM','2024-06-27 22:16:36.239619'),('2aoo7e4hccxlzuv0knax10mq6ac0ac1l','.eJxVjMsOwiAQRf-FtSEM8nTpvt9AhgGkaiAp7cr479qkC93ec859sYDbWsM28hLmxC7MsdPvFpEeue0g3bHdOqfe1mWOfFf4QQefesrP6-H-HVQc9VsjYVERoNhIks7aKJ89gHEE3jssToEXKmYviyAiKVFnmWwyQoAljez9AfNdN_4:1sEJvc:uxiOmOqo9q4Wzlg9988UxThA5HgatIhPrEzlcWo5-uI','2024-06-18 02:29:36.962918'),('59ag6qnaw6sjfghass6s37csa0kx6ylw','.eJxVjMsOwiAQRf-FtSE8C7h07zeQYQakaiAp7cr479qkC93ec859sQjbWuM28hJnYmcm2el3S4CP3HZAd2i3zrG3dZkT3xV-0MGvnfLzcrh_BxVG_dbK2VB0mAiEMCaLYqh4HdCokIKQBjDhRMX6rKzK0jnldSpoySFIMJa9P9YvN9c:1sEMab:A8H3FZZiKYhF5xpqY03mUajkk5NbuFKSWVFRmoFY3Y8','2024-06-18 05:20:05.748375'),('5fsart3dubf81bjvxjitqomc9kqp6ykn','.eJxVjMsOwiAQRf-FtSE8C7h07zeQYQakaiAp7cr479qkC93ec859sQjbWuM28hJnYmcm2el3S4CP3HZAd2i3zrG3dZkT3xV-0MGvnfLzcrh_BxVG_dbK2VB0mAiEMCaLYqh4HdCokIKQBjDhRMX6rKzK0jnldSpoySFIMJa9P9YvN9c:1sELfd:8bcpmFvBuqRajFbyz8EU2f-sTN-OziMIxG1dPadI330','2024-06-18 04:21:13.491125'),('7g7tl52rfwaqojzzuz49iyj976f16e77','.eJxVjMsOwiAQRf-FtSEM8nTpvt9AhgGkaiAp7cr479qkC93ec859sYDbWsM28hLmxC7MsdPvFpEeue0g3bHdOqfe1mWOfFf4QQefesrP6-H-HVQc9VsjYVERoNhIks7aKJ89gHEE3jssToEXKmYviyAiKVFnmWwyQoAljez9AfNdN_4:1sEJau:s4PGWGez_G2iPvfgRehL2GkrDzojWFltDkC2wpN0ft8','2024-06-18 02:08:12.428205'),('7jgcnc0xlxivu10d718t593p8odqqntp','.eJxVjMsOwiAQRf-FtSE8C7h07zeQYQakaiAp7cr479qkC93ec859sQjbWuM28hJnYmcm2el3S4CP3HZAd2i3zrG3dZkT3xV-0MGvnfLzcrh_BxVG_dbK2VB0mAiEMCaLYqh4HdCokIKQBjDhRMX6rKzK0jnldSpoySFIMJa9P9YvN9c:1sELsg:sRoY7N14t6GrLLNmudpK4Fs2rRNYOd7lrkJWauzbs18','2024-06-18 04:34:42.965504'),('7pf000gq3jfdf0ntvjp928fw3raada4a','.eJxVjMsOwiAQRf-FtSE8C7h07zeQYQakaiAp7cr479qkC93ec859sQjbWuM28hJnYmcm2el3S4CP3HZAd2i3zrG3dZkT3xV-0MGvnfLzcrh_BxVG_dbK2VB0mAiEMCaLYqh4HdCokIKQBjDhRMX6rKzK0jnldSpoySFIMJa9P9YvN9c:1sJhaZ:xsuRGqb5UmEcsrPfuP3wAKCjcfxJlmCzc5FqnUKQog8','2024-07-02 22:46:07.030084'),('7u3j0eesto7r8twytc0bqukto34ex0oz','.eJxVjMsOwiAQRf-FtSE8C7h07zeQYQakaiAp7cr479qkC93ec859sQjbWuM28hJnYmcm2el3S4CP3HZAd2i3zrG3dZkT3xV-0MGvnfLzcrh_BxVG_dbK2VB0mAiEMCaLYqh4HdCokIKQBjDhRMX6rKzK0jnldSpoySFIMJa9P9YvN9c:1sEL93:pFA48rQ3tZjwjMva38N3L-sH2fx_7CfINRD5Czmytso','2024-06-18 03:47:33.247585'),('8w4dsgzmdw6mebj0b6y13h15bvldaymx','.eJxVjMsOwiAQRf-FtSEM8nTpvt9AhgGkaiAp7cr479qkC93ec859sYDbWsM28hLmxC7MsdPvFpEeue0g3bHdOqfe1mWOfFf4QQefesrP6-H-HVQc9VsjYVERoNhIks7aKJ89gHEE3jssToEXKmYviyAiKVFnmWwyQoAljez9AfNdN_4:1sEJwg:WdOfkK-JR51SxDGdYBA1r2n1aSdxGY14YqNCsCkDAWc','2024-06-18 02:30:42.907578'),('9c9bxdexqcemevczoyg1oe7zfzr9ap34','.eJxVjMsOwiAQRf-FtSE8C7h07zeQYQakaiAp7cr479qkC93ec859sQjbWuM28hJnYmcm2el3S4CP3HZAd2i3zrG3dZkT3xV-0MGvnfLzcrh_BxVG_dbK2VB0mAiEMCaLYqh4HdCokIKQBjDhRMX6rKzK0jnldSpoySFIMJa9P9YvN9c:1sELW4:aUcpyyesn5XRPAktU47dQloabvtZnz5krNdo8RuGznA','2024-06-18 04:11:20.750634'),('bnoa6osja723tljza4cux99ju0h0fshb','.eJxVjMsOwiAQRf-FtSE8C7h07zeQYQakaiAp7cr479qkC93ec859sQjbWuM28hJnYmcm2el3S4CP3HZAd2i3zrG3dZkT3xV-0MGvnfLzcrh_BxVG_dbK2VB0mAiEMCaLYqh4HdCokIKQBjDhRMX6rKzK0jnldSpoySFIMJa9P9YvN9c:1sHt0U:zAzEy2FRrCl77yy-26H8pz2VgFXvzG3dXib_V7HzCNM','2024-06-27 22:33:22.161061'),('bwzqqi2a89k7r41bl8qdf2dkv7plwqrr','.eJxVjMsOwiAQRf-FtSE8C7h07zeQYQakaiAp7cr479qkC93ec859sQjbWuM28hJnYmcm2el3S4CP3HZAd2i3zrG3dZkT3xV-0MGvnfLzcrh_BxVG_dbK2VB0mAiEMCaLYqh4HdCokIKQBjDhRMX6rKzK0jnldSpoySFIMJa9P9YvN9c:1sELdw:xicnequwC2gmsC3I0p89SVa3Y7KJwQ8qML6IFIjTvM8','2024-06-18 04:19:28.814968'),('d0qnnc13jx0rqbakv5eyf3n957hoy1gr','.eJxVjMsOwiAQRf-FtSE8C7h07zeQYQakaiAp7cr479qkC93ec859sQjbWuM28hJnYmcm2el3S4CP3HZAd2i3zrG3dZkT3xV-0MGvnfLzcrh_BxVG_dbK2VB0mAiEMCaLYqh4HdCokIKQBjDhRMX6rKzK0jnldSpoySFIMJa9P9YvN9c:1sEMBo:LyjD2I6cTBWqDJ0OC1gjKPBGNkw7loe_eV9PQqapMYc','2024-06-18 04:54:28.895999'),('e6jnagh9nkwbyuvlxjto380nvwl9d2rv','.eJxVjMsOwiAQRf-FtSE8C7h07zeQYQakaiAp7cr479qkC93ec859sQjbWuM28hJnYmcm2el3S4CP3HZAd2i3zrG3dZkT3xV-0MGvnfLzcrh_BxVG_dbK2VB0mAiEMCaLYqh4HdCokIKQBjDhRMX6rKzK0jnldSpoySFIMJa9P9YvN9c:1sEMYF:jh_6xBBXYv1aFTjfySAfgp02qqg02fhcmvwtkEOHXv0','2024-06-18 05:17:39.037660'),('east98pff3i3gb6zej5m3tgfwf30269s','.eJxVjMsOwiAQRf-FtSE8C7h07zeQYQakaiAp7cr479qkC93ec859sQjbWuM28hJnYmcm2el3S4CP3HZAd2i3zrG3dZkT3xV-0MGvnfLzcrh_BxVG_dbK2VB0mAiEMCaLYqh4HdCokIKQBjDhRMX6rKzK0jnldSpoySFIMJa9P9YvN9c:1sELOI:zyEb6BxG7jQgh4MdBKj_0W_lGXLJXEjEF3QLPga6bP0','2024-06-18 04:03:18.362149'),('emtyyy9rr4c8f4hybz168p20w05f0oxh','.eJxVjMsOwiAQRf-FtSE8C7h07zeQYQakaiAp7cr479qkC93ec859sQjbWuM28hJnYmcm2el3S4CP3HZAd2i3zrG3dZkT3xV-0MGvnfLzcrh_BxVG_dbK2VB0mAiEMCaLYqh4HdCokIKQBjDhRMX6rKzK0jnldSpoySFIMJa9P9YvN9c:1sEMDh:kzsuH9U6WufZUdjdN-WB7xL45G_WYdgVtDWXrkWyDBE','2024-06-18 04:56:25.583285'),('fci0q3tkquakq1tj0cdjoenvtn4allrl','.eJxVjMsOwiAQRf-FtSE8C7h07zeQYQakaiAp7cr479qkC93ec859sQjbWuM28hJnYmcm2el3S4CP3HZAd2i3zrG3dZkT3xV-0MGvnfLzcrh_BxVG_dbK2VB0mAiEMCaLYqh4HdCokIKQBjDhRMX6rKzK0jnldSpoySFIMJa9P9YvN9c:1sF5IB:dJTniawFi02IUfGA1lhF2XFqC60gJ9gFstXbgQWsrcU','2024-06-20 05:04:03.294166'),('gvdkbpykyr0fyw8usb9loq1k6j34g52n','.eJxVjMsOwiAQRf-FtSE8C7h07zeQYQakaiAp7cr479qkC93ec859sQjbWuM28hJnYmcm2el3S4CP3HZAd2i3zrG3dZkT3xV-0MGvnfLzcrh_BxVG_dbK2VB0mAiEMCaLYqh4HdCokIKQBjDhRMX6rKzK0jnldSpoySFIMJa9P9YvN9c:1sELuR:9OstiLgqnUgSUGhNXMcGtMHrxn_DLRBFX5GiHIgu78c','2024-06-18 04:36:31.456454'),('ipkzg9quaxdzi8j35yhnhyvxvq68hcwo','.eJxVjMsOwiAQRf-FtSE8C7h07zeQYQakaiAp7cr479qkC93ec859sQjbWuM28hJnYmcm2el3S4CP3HZAd2i3zrG3dZkT3xV-0MGvnfLzcrh_BxVG_dbK2VB0mAiEMCaLYqh4HdCokIKQBjDhRMX6rKzK0jnldSpoySFIMJa9P9YvN9c:1sEM9Y:5rFmeaXLA2TU_taVT4gyKXr9a835oW3yorb9C96IdXw','2024-06-18 04:52:08.049878'),('jncg0qf29b5b9i18lp1vv12va8rzrhik','.eJxVjMsOwiAQRf-FtSE8C7h07zeQYQakaiAp7cr479qkC93ec859sQjbWuM28hJnYmcm2el3S4CP3HZAd2i3zrG3dZkT3xV-0MGvnfLzcrh_BxVG_dbK2VB0mAiEMCaLYqh4HdCokIKQBjDhRMX6rKzK0jnldSpoySFIMJa9P9YvN9c:1sEKDh:Yg8srDUoAe5l-DJfSKS4vgjuzztwd7DZkAaRmp5aLO0','2024-06-18 02:48:17.030983'),('kj7qhcampit6ijk2xefxypsjpt0xt1tp','.eJxVjMsOwiAQRf-FtSE8C7h07zeQYQakaiAp7cr479qkC93ec859sQjbWuM28hJnYmcm2el3S4CP3HZAd2i3zrG3dZkT3xV-0MGvnfLzcrh_BxVG_dbK2VB0mAiEMCaLYqh4HdCokIKQBjDhRMX6rKzK0jnldSpoySFIMJa9P9YvN9c:1sEKCU:2GSByWtJ-PP3jhHoB6VADQhhcgVhU-mHXbGxNJ0wIxo','2024-06-18 02:47:02.404148'),('od8uvuoryybll33w90xsuwe5z0l4l4pm','.eJxVjMsOwiAQRf-FtSE8C7h07zeQYQakaiAp7cr479qkC93ec859sQjbWuM28hJnYmcm2el3S4CP3HZAd2i3zrG3dZkT3xV-0MGvnfLzcrh_BxVG_dbK2VB0mAiEMCaLYqh4HdCokIKQBjDhRMX6rKzK0jnldSpoySFIMJa9P9YvN9c:1sEKEJ:44H4eJewpuU9qcOzTdgA3q_e_4wLx0bNQ6CzxF5qH-U','2024-06-18 02:48:55.658846'),('p2h817dldt39ukxc8hq8s79ccec1mwvc','.eJxVjMsOwiAQRf-FtSE8C7h07zeQYQakaiAp7cr479qkC93ec859sQjbWuM28hJnYmcm2el3S4CP3HZAd2i3zrG3dZkT3xV-0MGvnfLzcrh_BxVG_dbK2VB0mAiEMCaLYqh4HdCokIKQBjDhRMX6rKzK0jnldSpoySFIMJa9P9YvN9c:1sEM4F:bOLZ0FlRUERsEuOk81dJTFzosG4-OsqUsyx6zGLZWWY','2024-06-18 04:46:39.485459'),('qm8393qoebe9xjd2b54axtb1c6kgvtgd','.eJxVjMsOwiAQRf-FtSE8C7h07zeQYQakaiAp7cr479qkC93ec859sQjbWuM28hJnYmcm2el3S4CP3HZAd2i3zrG3dZkT3xV-0MGvnfLzcrh_BxVG_dbK2VB0mAiEMCaLYqh4HdCokIKQBjDhRMX6rKzK0jnldSpoySFIMJa9P9YvN9c:1sEMEl:w4jYi16dS6-ffalhd08yn9PQmclWcNgMUyEvnHM-_24','2024-06-18 04:57:31.522484'),('rus8k7ilytuhd6ei0hgfopc8slormck3','.eJxVjMsOwiAQRf-FtSE8C7h07zeQYQakaiAp7cr479qkC93ec859sQjbWuM28hJnYmcm2el3S4CP3HZAd2i3zrG3dZkT3xV-0MGvnfLzcrh_BxVG_dbK2VB0mAiEMCaLYqh4HdCokIKQBjDhRMX6rKzK0jnldSpoySFIMJa9P9YvN9c:1sELms:gdvk0dRSGYEeClP6tlA1ZQ18gMxNq7jFu-lPzzOrZbM','2024-06-18 04:28:42.549774'),('s0ehvplgsc3tsvcai3e8x4pnpp2b9orv','.eJxVjMsOwiAQRf-FtSE8C7h07zeQYQakaiAp7cr479qkC93ec859sQjbWuM28hJnYmcm2el3S4CP3HZAd2i3zrG3dZkT3xV-0MGvnfLzcrh_BxVG_dbK2VB0mAiEMCaLYqh4HdCokIKQBjDhRMX6rKzK0jnldSpoySFIMJa9P9YvN9c:1sF0w2:MbIjOyqFZ7IXmTO3QNfxBapvR9u0RxEoHIzWvyQQxHQ','2024-06-20 00:24:54.019204'),('s1kc06rgk2xk8zqe240iqoovacoskebj','.eJxVjMsOwiAQRf-FtSE8C7h07zeQYQakaiAp7cr479qkC93ec859sQjbWuM28hJnYmcm2el3S4CP3HZAd2i3zrG3dZkT3xV-0MGvnfLzcrh_BxVG_dbK2VB0mAiEMCaLYqh4HdCokIKQBjDhRMX6rKzK0jnldSpoySFIMJa9P9YvN9c:1sELva:kA_Uf7uRhCuZFjYfnAOUslCt5Ul5JWcHfdevG3aDy1M','2024-06-18 04:37:42.874020'),('s2n1fub03v67pgpb40lnkl3m4zfyhjte','.eJxVjMsOwiAQRf-FtSE8C7h07zeQYQakaiAp7cr479qkC93ec859sQjbWuM28hJnYmcm2el3S4CP3HZAd2i3zrG3dZkT3xV-0MGvnfLzcrh_BxVG_dbK2VB0mAiEMCaLYqh4HdCokIKQBjDhRMX6rKzK0jnldSpoySFIMJa9P9YvN9c:1sMaBV:4eaTLo5gMjdasK7jG-VvpXR0wlLPrNFezuL4108-rPc','2024-07-10 21:28:09.021311'),('s4get4s3h5emirj52du9cz4lmv2nreon','.eJxVjMsOwiAQRf-FtSE8C7h07zeQYQakaiAp7cr479qkC93ec859sQjbWuM28hJnYmcm2el3S4CP3HZAd2i3zrG3dZkT3xV-0MGvnfLzcrh_BxVG_dbK2VB0mAiEMCaLYqh4HdCokIKQBjDhRMX6rKzK0jnldSpoySFIMJa9P9YvN9c:1sELoQ:hxoJx2AYznH7wQu5KOdBxSZKOQaMzfesP1smeIaSjsU','2024-06-18 04:30:18.148974'),('ttszeivzavk0u8untlf00l0scxkd2cn7','.eJxVjMsOwiAQRf-FtSE8C7h07zeQYQakaiAp7cr479qkC93ec859sQjbWuM28hJnYmcm2el3S4CP3HZAd2i3zrG3dZkT3xV-0MGvnfLzcrh_BxVG_dbK2VB0mAiEMCaLYqh4HdCokIKQBjDhRMX6rKzK0jnldSpoySFIMJa9P9YvN9c:1sELFH:tLtSDvWFhlIYeZUm7dFHtQ536_GauKTjJq4A02xfVrE','2024-06-18 03:53:59.993692'),('us0e56t0f6y8rt7u7hoebiz7o135rl2a','e30:1sEJXv:HOv6XIYbVLd25kZkkRCcb16WIP88Ftp85MJX4hrjDjc','2024-06-18 02:05:07.664671'),('vuh8fcr9z410jz8zugb95lugce11ze9c','.eJxVjMsOwiAQRf-FtSE8C7h07zeQYQakaiAp7cr479qkC93ec859sQjbWuM28hJnYmcm2el3S4CP3HZAd2i3zrG3dZkT3xV-0MGvnfLzcrh_BxVG_dbK2VB0mAiEMCaLYqh4HdCokIKQBjDhRMX6rKzK0jnldSpoySFIMJa9P9YvN9c:1sHtBp:VoI9gbI3g0Nf_IAlkx-uPLZGDnfm0x0E3GSe0MA_xKM','2024-06-27 22:45:05.417616'),('w5mjncx9zhiclwnjzf0vc6x83txqmr27','.eJxVjMsOwiAQRf-FtSE8C7h07zeQYQakaiAp7cr479qkC93ec859sQjbWuM28hJnYmcm2el3S4CP3HZAd2i3zrG3dZkT3xV-0MGvnfLzcrh_BxVG_dbK2VB0mAiEMCaLYqh4HdCokIKQBjDhRMX6rKzK0jnldSpoySFIMJa9P9YvN9c:1sEMog:fOTqBobvMHs24moit8WcqlCSIwi6SVuocfrfF9CDUSY','2024-06-18 05:34:38.400070'),('ww1v71fbax5cs0ijt1aunyaald92ikeh','.eJxVjMsOwiAQRf-FtSEM8nTpvt9AhgGkaiAp7cr479qkC93ec859sYDbWsM28hLmxC7MsdPvFpEeue0g3bHdOqfe1mWOfFf4QQefesrP6-H-HVQc9VsjYVERoNhIks7aKJ89gHEE3jssToEXKmYviyAiKVFnmWwyQoAljez9AfNdN_4:1sEJn2:_juJf5qWWkVsbeZoO8pUMB62I9ELKnKv03TeTLJ1ly8','2024-06-18 02:20:44.444163'),('xizgwdcyev4jbx9ifkg977byq43mo6of','.eJxVjMsOwiAQRf-FtSE8C7h07zeQYQakaiAp7cr479qkC93ec859sQjbWuM28hJnYmcm2el3S4CP3HZAd2i3zrG3dZkT3xV-0MGvnfLzcrh_BxVG_dbK2VB0mAiEMCaLYqh4HdCokIKQBjDhRMX6rKzK0jnldSpoySFIMJa9P9YvN9c:1sEL9w:n3HTfqmBHQ21PoS2S9w31KzWx3r17hzWc5SIc8zuIBE','2024-06-18 03:48:28.062741'),('yzli3j46vt4ab92lsjoh5g8zyt9prgu0','.eJxVjMsOwiAQRf-FtSEM8nTpvt9AhgGkaiAp7cr479qkC93ec859sYDbWsM28hLmxC7MsdPvFpEeue0g3bHdOqfe1mWOfFf4QQefesrP6-H-HVQc9VsjYVERoNhIks7aKJ89gHEE3jssToEXKmYviyAiKVFnmWwyQoAljez9AfNdN_4:1sEJpR:PNHfuSkbEHKavZ3P_FxeNtFJHNcspAMbU0bpjFZnkBU','2024-06-18 02:23:13.650874'),('zaqmqq1adoq0glmftpggg00v3o567ym9','.eJxVjMsOwiAQRf-FtSE8C7h07zeQYQakaiAp7cr479qkC93ec859sQjbWuM28hJnYmcm2el3S4CP3HZAd2i3zrG3dZkT3xV-0MGvnfLzcrh_BxVG_dbK2VB0mAiEMCaLYqh4HdCokIKQBjDhRMX6rKzK0jnldSpoySFIMJa9P9YvN9c:1sHt2Q:MddfV22l4n9q9gabp_BEc_Nh6UUo_ZAxxtA_ObLloOQ','2024-06-27 22:35:22.651444'),('zb2lfzcolm48ke8lq9rpjkk63xb62xxd','.eJxVjMsOwiAQRf-FtSE8C7h07zeQYQakaiAp7cr479qkC93ec859sQjbWuM28hJnYmcm2el3S4CP3HZAd2i3zrG3dZkT3xV-0MGvnfLzcrh_BxVG_dbK2VB0mAiEMCaLYqh4HdCokIKQBjDhRMX6rKzK0jnldSpoySFIMJa9P9YvN9c:1sELR8:LtVBXRRxZmGiqxfVxjHOQyt6cCqr0jwfXhX0_vR4bQ0','2024-06-18 04:06:14.556214'),('ztf39v3l4hr1kxo8q37dpdz5o83g785o','.eJxVjMsOwiAQRf-FtSE8C7h07zeQYQakaiAp7cr479qkC93ec859sQjbWuM28hJnYmcm2el3S4CP3HZAd2i3zrG3dZkT3xV-0MGvnfLzcrh_BxVG_dbK2VB0mAiEMCaLYqh4HdCokIKQBjDhRMX6rKzK0jnldSpoySFIMJa9P9YvN9c:1sEda3:-WHPiCUTE3lCcBTveFBb-Mfm7X_tXM7hwUgtCNgQkIQ','2024-06-18 23:28:39.552155');
/*!40000 ALTER TABLE `django_session` ENABLE KEYS */;
UNLOCK TABLES;

--
-- Table structure for table `especialistas_consultas`
--

DROP TABLE IF EXISTS `especialistas_consultas`;
/*!40101 SET @saved_cs_client     = @@character_set_client */;
/*!50503 SET character_set_client = utf8mb4 */;
CREATE TABLE `especialistas_consultas` (
  `id` bigint(20) NOT NULL AUTO_INCREMENT,
  `fdesde` date NOT NULL,
  `fhasta` date NOT NULL,
  `direccion` varchar(250) NOT NULL,
  `estado` varchar(1) NOT NULL,
  `ciudad_id` bigint(20) DEFAULT NULL,
  `especialista_id` bigint(20) NOT NULL,
  PRIMARY KEY (`id`),
  KEY `especialistas_consultas_ciudad_id_dc9b94a7_fk_tablas_ciudades_id` (`ciudad_id`),
  KEY `especialistas_consul_especialista_id_467b7680_fk_usuarios_` (`especialista_id`),
  CONSTRAINT `especialistas_consul_especialista_id_467b7680_fk_usuarios_` FOREIGN KEY (`especialista_id`) REFERENCES `usuarios_especialistas` (`id`),
  CONSTRAINT `especialistas_consultas_ciudad_id_dc9b94a7_fk_tablas_ciudades_id` FOREIGN KEY (`ciudad_id`) REFERENCES `tablas_ciudades` (`id`)
) ENGINE=InnoDB DEFAULT CHARSET=utf8mb4 COLLATE=utf8mb4_general_ci;
/*!40101 SET character_set_client = @saved_cs_client */;

--
-- Dumping data for table `especialistas_consultas`
--

LOCK TABLES `especialistas_consultas` WRITE;
/*!40000 ALTER TABLE `especialistas_consultas` DISABLE KEYS */;
/*!40000 ALTER TABLE `especialistas_consultas` ENABLE KEYS */;
UNLOCK TABLES;

--
-- Table structure for table `especialistas_contratos`
--

DROP TABLE IF EXISTS `especialistas_contratos`;
/*!40101 SET @saved_cs_client     = @@character_set_client */;
/*!50503 SET character_set_client = utf8mb4 */;
CREATE TABLE `especialistas_contratos` (
  `id` bigint(20) NOT NULL AUTO_INCREMENT,
  `rut_replegal` varchar(20) NOT NULL,
  `nombre_replegal` varchar(120) NOT NULL,
  `direccion` varchar(120) NOT NULL,
  `fono` varchar(20) NOT NULL,
  `estado` varchar(1) NOT NULL,
  `finicio` date NOT NULL,
  `ftermino` date NOT NULL,
  `valor` decimal(10,2) DEFAULT NULL,
  `ciudad_id` bigint(20) DEFAULT NULL,
  `comuna_id` bigint(20) DEFAULT NULL,
  `especialista_id` bigint(20) NOT NULL,
  `plan_id` bigint(20) DEFAULT NULL,
  `promocion_id` bigint(20) DEFAULT NULL,
  `region_id` bigint(20) DEFAULT NULL,
  PRIMARY KEY (`id`),
  KEY `especialistas_contratos_ciudad_id_fdb9f51c_fk_tablas_ciudades_id` (`ciudad_id`),
  KEY `especialistas_contratos_comuna_id_cedb1697_fk_tablas_comunas_id` (`comuna_id`),
  KEY `especialistas_contra_especialista_id_1ccd1cc8_fk_usuarios_` (`especialista_id`),
  KEY `especialistas_contratos_plan_id_b6b2b80e_fk_tablas_planes_id` (`plan_id`),
  KEY `especialistas_contra_promocion_id_67f37301_fk_tablas_pr` (`promocion_id`),
  KEY `especialistas_contratos_region_id_501a7ec5_fk_tablas_regiones_id` (`region_id`),
  CONSTRAINT `especialistas_contra_especialista_id_1ccd1cc8_fk_usuarios_` FOREIGN KEY (`especialista_id`) REFERENCES `usuarios_especialistas` (`id`),
  CONSTRAINT `especialistas_contra_promocion_id_67f37301_fk_tablas_pr` FOREIGN KEY (`promocion_id`) REFERENCES `tablas_promociones` (`id`),
  CONSTRAINT `especialistas_contratos_ciudad_id_fdb9f51c_fk_tablas_ciudades_id` FOREIGN KEY (`ciudad_id`) REFERENCES `tablas_ciudades` (`id`),
  CONSTRAINT `especialistas_contratos_comuna_id_cedb1697_fk_tablas_comunas_id` FOREIGN KEY (`comuna_id`) REFERENCES `tablas_comunas` (`id`),
  CONSTRAINT `especialistas_contratos_plan_id_b6b2b80e_fk_tablas_planes_id` FOREIGN KEY (`plan_id`) REFERENCES `tablas_planes` (`id`),
  CONSTRAINT `especialistas_contratos_region_id_501a7ec5_fk_tablas_regiones_id` FOREIGN KEY (`region_id`) REFERENCES `tablas_regiones` (`id`)
) ENGINE=InnoDB DEFAULT CHARSET=utf8mb4 COLLATE=utf8mb4_general_ci;
/*!40101 SET character_set_client = @saved_cs_client */;

--
-- Dumping data for table `especialistas_contratos`
--

LOCK TABLES `especialistas_contratos` WRITE;
/*!40000 ALTER TABLE `especialistas_contratos` DISABLE KEYS */;
/*!40000 ALTER TABLE `especialistas_contratos` ENABLE KEYS */;
UNLOCK TABLES;

--
-- Table structure for table `especialistas_documentos`
--

DROP TABLE IF EXISTS `especialistas_documentos`;
/*!40101 SET @saved_cs_client     = @@character_set_client */;
/*!50503 SET character_set_client = utf8mb4 */;
CREATE TABLE `especialistas_documentos` (
  `id` bigint(20) NOT NULL AUTO_INCREMENT,
  `fecha` datetime(6) NOT NULL,
  `titulo` varchar(120) NOT NULL,
  `archivo` varchar(100) DEFAULT NULL,
  `especialista_id` bigint(20) NOT NULL,
  `cliente_id` bigint(20) DEFAULT NULL,
  PRIMARY KEY (`id`),
  KEY `especialistas_docume_especialista_id_7d8ced08_fk_usuarios_` (`especialista_id`),
  KEY `especialistas_docume_cliente_id_5d4d446d_fk_usuarios_` (`cliente_id`),
  CONSTRAINT `especialistas_docume_cliente_id_5d4d446d_fk_usuarios_` FOREIGN KEY (`cliente_id`) REFERENCES `usuarios_personas` (`id`),
  CONSTRAINT `especialistas_docume_especialista_id_7d8ced08_fk_usuarios_` FOREIGN KEY (`especialista_id`) REFERENCES `usuarios_especialistas` (`id`)
) ENGINE=InnoDB DEFAULT CHARSET=utf8mb4 COLLATE=utf8mb4_general_ci;
/*!40101 SET character_set_client = @saved_cs_client */;

--
-- Dumping data for table `especialistas_documentos`
--

LOCK TABLES `especialistas_documentos` WRITE;
/*!40000 ALTER TABLE `especialistas_documentos` DISABLE KEYS */;
/*!40000 ALTER TABLE `especialistas_documentos` ENABLE KEYS */;
UNLOCK TABLES;

--
-- Table structure for table `especialistas_fichas`
--

DROP TABLE IF EXISTS `especialistas_fichas`;
/*!40101 SET @saved_cs_client     = @@character_set_client */;
/*!50503 SET character_set_client = utf8mb4 */;
CREATE TABLE `especialistas_fichas` (
  `id` bigint(20) NOT NULL AUTO_INCREMENT,
  `fecha` date NOT NULL,
  `archivo` varchar(250) NOT NULL,
  `observaciones` varchar(250) NOT NULL,
  `especialista_id` bigint(20) NOT NULL,
  `usuario_id` bigint(20) NOT NULL,
  PRIMARY KEY (`id`),
  KEY `especialistas_fichas_especialista_id_e2277d50_fk_usuarios_` (`especialista_id`),
  KEY `especialistas_fichas_usuario_id_65e5c177_fk_usuarios_personas_id` (`usuario_id`),
  CONSTRAINT `especialistas_fichas_especialista_id_e2277d50_fk_usuarios_` FOREIGN KEY (`especialista_id`) REFERENCES `usuarios_especialistas` (`id`),
  CONSTRAINT `especialistas_fichas_usuario_id_65e5c177_fk_usuarios_personas_id` FOREIGN KEY (`usuario_id`) REFERENCES `usuarios_personas` (`id`)
) ENGINE=InnoDB DEFAULT CHARSET=utf8mb4 COLLATE=utf8mb4_general_ci;
/*!40101 SET character_set_client = @saved_cs_client */;

--
-- Dumping data for table `especialistas_fichas`
--

LOCK TABLES `especialistas_fichas` WRITE;
/*!40000 ALTER TABLE `especialistas_fichas` DISABLE KEYS */;
/*!40000 ALTER TABLE `especialistas_fichas` ENABLE KEYS */;
UNLOCK TABLES;

--
-- Table structure for table `especialistas_horasagendadas`
--

DROP TABLE IF EXISTS `especialistas_horasagendadas`;
/*!40101 SET @saved_cs_client     = @@character_set_client */;
/*!50503 SET character_set_client = utf8mb4 */;
CREATE TABLE `especialistas_horasagendadas` (
  `id` bigint(20) NOT NULL AUTO_INCREMENT,
  `fecha` date NOT NULL,
  `hora` varchar(5) NOT NULL,
  `mensaje` varchar(120) NOT NULL,
  `relacionado` bigint(20) NOT NULL,
  `esp_agenda_id` bigint(20) DEFAULT NULL,
  `especialista_id` bigint(20) NOT NULL,
  `usuario_id` bigint(20) NOT NULL,
  PRIMARY KEY (`id`),
  KEY `especialistas_horasa_esp_agenda_id_a685cebe_fk_especiali` (`esp_agenda_id`),
  KEY `especialistas_horasa_especialista_id_2c7cc795_fk_usuarios_` (`especialista_id`),
  KEY `especialistas_horasa_usuario_id_ce537da9_fk_usuarios_` (`usuario_id`),
  CONSTRAINT `especialistas_horasa_esp_agenda_id_a685cebe_fk_especiali` FOREIGN KEY (`esp_agenda_id`) REFERENCES `especialistas_programas` (`id`),
  CONSTRAINT `especialistas_horasa_especialista_id_2c7cc795_fk_usuarios_` FOREIGN KEY (`especialista_id`) REFERENCES `usuarios_especialistas` (`id`),
  CONSTRAINT `especialistas_horasa_usuario_id_ce537da9_fk_usuarios_` FOREIGN KEY (`usuario_id`) REFERENCES `usuarios_personas` (`id`)
) ENGINE=InnoDB DEFAULT CHARSET=utf8mb4 COLLATE=utf8mb4_general_ci;
/*!40101 SET character_set_client = @saved_cs_client */;

--
-- Dumping data for table `especialistas_horasagendadas`
--

LOCK TABLES `especialistas_horasagendadas` WRITE;
/*!40000 ALTER TABLE `especialistas_horasagendadas` DISABLE KEYS */;
/*!40000 ALTER TABLE `especialistas_horasagendadas` ENABLE KEYS */;
UNLOCK TABLES;

--
-- Table structure for table `especialistas_imagenes`
--

DROP TABLE IF EXISTS `especialistas_imagenes`;
/*!40101 SET @saved_cs_client     = @@character_set_client */;
/*!50503 SET character_set_client = utf8mb4 */;
CREATE TABLE `especialistas_imagenes` (
  `id` bigint(20) NOT NULL AUTO_INCREMENT,
  `fecha` datetime(6) NOT NULL,
  `titulo` varchar(120) NOT NULL,
  `imagen` varchar(100) DEFAULT NULL,
  `especialista_id` bigint(20) NOT NULL,
  `cliente_id` bigint(20) DEFAULT NULL,
  PRIMARY KEY (`id`),
  KEY `especialistas_imagen_especialista_id_65d1e94c_fk_usuarios_` (`especialista_id`),
  KEY `especialistas_imagen_cliente_id_cf955dff_fk_usuarios_` (`cliente_id`),
  CONSTRAINT `especialistas_imagen_cliente_id_cf955dff_fk_usuarios_` FOREIGN KEY (`cliente_id`) REFERENCES `usuarios_personas` (`id`),
  CONSTRAINT `especialistas_imagen_especialista_id_65d1e94c_fk_usuarios_` FOREIGN KEY (`especialista_id`) REFERENCES `usuarios_especialistas` (`id`)
) ENGINE=InnoDB DEFAULT CHARSET=utf8mb4 COLLATE=utf8mb4_general_ci;
/*!40101 SET character_set_client = @saved_cs_client */;

--
-- Dumping data for table `especialistas_imagenes`
--

LOCK TABLES `especialistas_imagenes` WRITE;
/*!40000 ALTER TABLE `especialistas_imagenes` DISABLE KEYS */;
/*!40000 ALTER TABLE `especialistas_imagenes` ENABLE KEYS */;
UNLOCK TABLES;

--
-- Table structure for table `especialistas_pagos`
--

DROP TABLE IF EXISTS `especialistas_pagos`;
/*!40101 SET @saved_cs_client     = @@character_set_client */;
/*!50503 SET character_set_client = utf8mb4 */;
CREATE TABLE `especialistas_pagos` (
  `id` bigint(20) NOT NULL AUTO_INCREMENT,
  `fdesde` date NOT NULL,
  `fhasta` date NOT NULL,
  `fpago` date NOT NULL,
  `estado` varchar(1) NOT NULL,
  `monto` decimal(10,2) DEFAULT NULL,
  `numero_dcto` varchar(45) DEFAULT NULL,
  `contrato_id` bigint(20) DEFAULT NULL,
  `especialista_id` bigint(20) NOT NULL,
  `formapago_id` bigint(20) DEFAULT NULL,
  `documento` varchar(100) DEFAULT NULL,
  PRIMARY KEY (`id`),
  KEY `especialistas_pagos_contrato_id_912542b6_fk_especiali` (`contrato_id`),
  KEY `especialistas_pagos_especialista_id_52faf029_fk_usuarios_` (`especialista_id`),
  KEY `especialistas_pagos_formapago_id_4abe08fc_fk_tablas_fo` (`formapago_id`),
  CONSTRAINT `especialistas_pagos_contrato_id_912542b6_fk_especiali` FOREIGN KEY (`contrato_id`) REFERENCES `especialistas_contratos` (`id`),
  CONSTRAINT `especialistas_pagos_especialista_id_52faf029_fk_usuarios_` FOREIGN KEY (`especialista_id`) REFERENCES `usuarios_especialistas` (`id`),
  CONSTRAINT `especialistas_pagos_formapago_id_4abe08fc_fk_tablas_fo` FOREIGN KEY (`formapago_id`) REFERENCES `tablas_formapagogral` (`id`)
) ENGINE=InnoDB DEFAULT CHARSET=utf8mb4 COLLATE=utf8mb4_general_ci;
/*!40101 SET character_set_client = @saved_cs_client */;

--
-- Dumping data for table `especialistas_pagos`
--

LOCK TABLES `especialistas_pagos` WRITE;
/*!40000 ALTER TABLE `especialistas_pagos` DISABLE KEYS */;
/*!40000 ALTER TABLE `especialistas_pagos` ENABLE KEYS */;
UNLOCK TABLES;

--
-- Table structure for table `especialistas_planessuscripcion`
--

DROP TABLE IF EXISTS `especialistas_planessuscripcion`;
/*!40101 SET @saved_cs_client     = @@character_set_client */;
/*!50503 SET character_set_client = utf8mb4 */;
CREATE TABLE `especialistas_planessuscripcion` (
  `id` bigint(20) NOT NULL AUTO_INCREMENT,
  `fdesde` date NOT NULL,
  `fhasta` date NOT NULL,
  `nombre` varchar(45) NOT NULL,
  `estado` varchar(1) NOT NULL,
  `periodicidad` int(10) unsigned NOT NULL CHECK (`periodicidad` >= 0),
  `valor` decimal(10,2) NOT NULL,
  PRIMARY KEY (`id`)
) ENGINE=InnoDB DEFAULT CHARSET=utf8mb4 COLLATE=utf8mb4_general_ci;
/*!40101 SET character_set_client = @saved_cs_client */;

--
-- Dumping data for table `especialistas_planessuscripcion`
--

LOCK TABLES `especialistas_planessuscripcion` WRITE;
/*!40000 ALTER TABLE `especialistas_planessuscripcion` DISABLE KEYS */;
/*!40000 ALTER TABLE `especialistas_planessuscripcion` ENABLE KEYS */;
UNLOCK TABLES;

--
-- Table structure for table `especialistas_programas`
--

DROP TABLE IF EXISTS `especialistas_programas`;
/*!40101 SET @saved_cs_client     = @@character_set_client */;
/*!50503 SET character_set_client = utf8mb4 */;
CREATE TABLE `especialistas_programas` (
  `id` bigint(20) NOT NULL AUTO_INCREMENT,
  `fecha` date NOT NULL,
  `hinicio` date NOT NULL,
  `htermino` date NOT NULL,
  `estado` varchar(1) NOT NULL,
  `especialista_id` bigint(20) NOT NULL,
  `consulta_id` bigint(20) DEFAULT NULL,
  PRIMARY KEY (`id`),
  KEY `especialistas_progra_especialista_id_9e7b434d_fk_usuarios_` (`especialista_id`),
  KEY `especialistas_progra_consulta_id_fc498be7_fk_especiali` (`consulta_id`),
  CONSTRAINT `especialistas_progra_consulta_id_fc498be7_fk_especiali` FOREIGN KEY (`consulta_id`) REFERENCES `especialistas_consultas` (`id`),
  CONSTRAINT `especialistas_progra_especialista_id_9e7b434d_fk_usuarios_` FOREIGN KEY (`especialista_id`) REFERENCES `usuarios_especialistas` (`id`)
) ENGINE=InnoDB DEFAULT CHARSET=utf8mb4 COLLATE=utf8mb4_general_ci;
/*!40101 SET character_set_client = @saved_cs_client */;

--
-- Dumping data for table `especialistas_programas`
--

LOCK TABLES `especialistas_programas` WRITE;
/*!40000 ALTER TABLE `especialistas_programas` DISABLE KEYS */;
/*!40000 ALTER TABLE `especialistas_programas` ENABLE KEYS */;
UNLOCK TABLES;

--
-- Table structure for table `especialistas_rsaludpagos`
--

DROP TABLE IF EXISTS `especialistas_rsaludpagos`;
/*!40101 SET @saved_cs_client     = @@character_set_client */;
/*!50503 SET character_set_client = utf8mb4 */;
CREATE TABLE `especialistas_rsaludpagos` (
  `id` bigint(20) NOT NULL AUTO_INCREMENT,
  `valor` decimal(10,2) DEFAULT NULL,
  `bono` varchar(120) NOT NULL,
  `especialista_id` bigint(20) NOT NULL,
  `formapagosalud_id` bigint(20) DEFAULT NULL,
  `modatencion_id` bigint(20) DEFAULT NULL,
  `prevision_id` bigint(20) DEFAULT NULL,
  PRIMARY KEY (`id`),
  KEY `especialistas_rsalud_especialista_id_af36a8ba_fk_usuarios_` (`especialista_id`),
  KEY `especialistas_rsalud_formapagosalud_id_a3cf50f6_fk_tablas_fo` (`formapagosalud_id`),
  KEY `especialistas_rsalud_modatencion_id_26fc5497_fk_tablas_mo` (`modatencion_id`),
  KEY `especialistas_rsalud_prevision_id_80df020c_fk_tablas_ti` (`prevision_id`),
  CONSTRAINT `especialistas_rsalud_especialista_id_af36a8ba_fk_usuarios_` FOREIGN KEY (`especialista_id`) REFERENCES `usuarios_especialistas` (`id`),
  CONSTRAINT `especialistas_rsalud_formapagosalud_id_a3cf50f6_fk_tablas_fo` FOREIGN KEY (`formapagosalud_id`) REFERENCES `tablas_formapagosalud` (`id`),
  CONSTRAINT `especialistas_rsalud_modatencion_id_26fc5497_fk_tablas_mo` FOREIGN KEY (`modatencion_id`) REFERENCES `tablas_modalidadatencion` (`id`),
  CONSTRAINT `especialistas_rsalud_prevision_id_80df020c_fk_tablas_ti` FOREIGN KEY (`prevision_id`) REFERENCES `tablas_tipoprevision` (`id`)
) ENGINE=InnoDB DEFAULT CHARSET=utf8mb4 COLLATE=utf8mb4_general_ci;
/*!40101 SET character_set_client = @saved_cs_client */;

--
-- Dumping data for table `especialistas_rsaludpagos`
--

LOCK TABLES `especialistas_rsaludpagos` WRITE;
/*!40000 ALTER TABLE `especialistas_rsaludpagos` DISABLE KEYS */;
/*!40000 ALTER TABLE `especialistas_rsaludpagos` ENABLE KEYS */;
UNLOCK TABLES;

--
-- Table structure for table `tablas_categorias`
--

DROP TABLE IF EXISTS `tablas_categorias`;
/*!40101 SET @saved_cs_client     = @@character_set_client */;
/*!50503 SET character_set_client = utf8mb4 */;
CREATE TABLE `tablas_categorias` (
  `id` bigint(20) NOT NULL AUTO_INCREMENT,
  `nombre` varchar(45) NOT NULL,
  `rubro_id` bigint(20) NOT NULL,
  PRIMARY KEY (`id`),
  KEY `tablas_categorias_rubro_id_4e0f0ccf_fk_tablas_rubros_id` (`rubro_id`),
  CONSTRAINT `tablas_categorias_rubro_id_4e0f0ccf_fk_tablas_rubros_id` FOREIGN KEY (`rubro_id`) REFERENCES `tablas_rubros` (`id`)
) ENGINE=InnoDB AUTO_INCREMENT=92 DEFAULT CHARSET=utf8mb4 COLLATE=utf8mb4_general_ci;
/*!40101 SET character_set_client = @saved_cs_client */;

--
-- Dumping data for table `tablas_categorias`
--

LOCK TABLES `tablas_categorias` WRITE;
/*!40000 ALTER TABLE `tablas_categorias` DISABLE KEYS */;
INSERT INTO `tablas_categorias` VALUES (1,'Medicina',1),(2,'Odontologia',1),(3,'Enfermeria',1),(4,'Kinesiologia',1),(5,'Matrona',1),(6,'Nutricion',1),(7,'Fonoaudiologia',1),(8,'Podologia',1),(9,'Terapia Ocupacional',1),(10,'Psicologia',1),(11,'Tecnico En Enfermeria',1),(12,'Abogado Penalista',2),(13,'Abogado Civil',2),(14,'Abogado De Familia',2),(15,'Abogado Inmobiliario',2),(16,'Abogado Laboral',2),(17,'Abogado Administrativo',2),(18,'Abogado Mercantil',2),(19,'Abogado Tributario',2),(20,'Abogado Ambiental',2),(21,'Contabilidad Financiera',3),(22,'Contabilidad De Gestion',3),(23,'Contabilidad Administrativa',3),(24,'Contabilidad De Costos',3),(25,'Contabilidad Tributaria',3),(26,'Contabilidad Fiscal',3),(27,'Contabilidad Publica',3),(28,'Contabilidad De Servicios',3),(29,'Contabilidad Por Actividad',3),(30,'Finanzas',4),(31,'Administracion',4),(32,'Planificacion Estrategica',4),(33,'Paisajismo',4),(34,'Administracion De Redes Y Sistemas',5),(35,'Desarrollo Web Y De Aplicaciones Moviles',5),(36,'Ingenieria De Datos',5),(37,'Administracion De Base De Datos',5),(38,'Gestion De Redes Sociales',6),(39,'Optimizacion De Motores De Busqueda (seo)',6),(40,'Campaas De Anuncios',6),(41,'Gestion De Marca O De Marca Personal',6),(42,'Copywriting Y Redaccion De Contenidos',6),(43,'Traduccion',7),(44,'Doblaje',7),(45,'Ilustracion',8),(46,'Diseo De Empaque',8),(47,'Identidad Corporativa',8),(48,'Tipografia',8),(49,'Diseo Multimedia',8),(50,'Diseo Web',8),(51,'Diseo Editorial',8),(52,'Diseo Instruccional',8),(53,'Diseo Industrial',8),(54,'Diseo 3d Y Cad',9),(55,'Interiorismo',9),(56,'Remodelaciones',9),(57,'Diseo De Planos',9),(58,'Creador De Contenidos Audiovisuales',10),(59,'Edicion De Video',10),(60,'Redaccion De Contenidos',10),(61,'Locucion De Podcast',10),(62,'Consultor De Publicidad',10),(63,'Fotografia',11),(64,'Video',11),(65,'Eventos',11),(66,'Idiomas',12),(67,'Matematicas',12),(68,'Leguaje',12),(69,'Fisica',12),(70,'Historia',12),(71,'Quimica',12),(72,'Paes',12),(73,'Guia Turistico',13),(74,'Entrenador Personal',14),(75,'Asesor De Imagen',15),(76,'Bricolaje',16),(77,'Equipos / Computadoras',16),(78,'Linea Blanca',16),(79,'Calefaccion',16),(80,'Calefon',16),(81,'Carpinteria',16),(82,'Plomeria',16),(83,'Veterinario',17),(84,'Entrenador Canino',17),(85,'Entrenador De Mascotas',17),(86,'Cuidador De Mascotas',17),(87,'Revision Tecnica',18),(88,'Mantencion',18),(89,'Escaner',18),(90,'Grua',18),(91,'Desabollador Y Pintura',18);
/*!40000 ALTER TABLE `tablas_categorias` ENABLE KEYS */;
UNLOCK TABLES;

--
-- Table structure for table `tablas_ciudades`
--

DROP TABLE IF EXISTS `tablas_ciudades`;
/*!40101 SET @saved_cs_client     = @@character_set_client */;
/*!50503 SET character_set_client = utf8mb4 */;
CREATE TABLE `tablas_ciudades` (
  `id` bigint(20) NOT NULL AUTO_INCREMENT,
  `nombre` varchar(45) NOT NULL,
  `region_id` bigint(20) NOT NULL,
  PRIMARY KEY (`id`),
  KEY `tablas_ciudades_region_id_923e6284_fk_tablas_regiones_id` (`region_id`),
  CONSTRAINT `tablas_ciudades_region_id_923e6284_fk_tablas_regiones_id` FOREIGN KEY (`region_id`) REFERENCES `tablas_regiones` (`id`)
) ENGINE=InnoDB AUTO_INCREMENT=348 DEFAULT CHARSET=utf8mb4 COLLATE=utf8mb4_general_ci;
/*!40101 SET character_set_client = @saved_cs_client */;

--
-- Dumping data for table `tablas_ciudades`
--

LOCK TABLES `tablas_ciudades` WRITE;
/*!40000 ALTER TABLE `tablas_ciudades` DISABLE KEYS */;
INSERT INTO `tablas_ciudades` VALUES (2,'Algarrobo',5),(4,'Ancud',10),(6,'Angol',9),(7,'Antofagasta',2),(8,'Arauco',9),(9,'Arica',15),(12,'Barquito',13),(15,'Buin',13),(16,'Bulnes',8),(19,'Cabrero',8),(22,'Calama',2),(23,'Calbuco',10),(24,'Caldera',3),(29,'Canete',8),(35,'Casablanca',5),(36,'Castro',10),(39,'Cauquenes',7),(41,'Chaiten',10),(46,'Chillan',8),(47,'Chimbarongo',6),(48,'Chonchi',10),(59,'Con Con',5),(60,'Concepcion',8),(62,'Copiapo',3),(63,'Coquimbo',4),(65,'Coronel',8),(66,'Corral',14),(68,'Coyhaique',11),(71,'Curanilahue',9),(73,'Curico',7),(75,'Dalcahue',10),(78,'Donihue',6),(84,'El Monte',13),(90,'Entre Lagos',10),(96,'Frutillar',10),(100,'Graneros',6),(106,'Hualqui',8),(111,'Iquique',1),(116,'La Ligua',5),(117,'La Serena',4),(119,'La Union',10),(121,'Lago Ranco',14),(128,'Las Cruces',5),(136,'Limache',5),(137,'Linares',7),(138,'Lirquen',8),(139,'Llanquihue',10),(140,'Llay Llay',5),(151,'Los Andes',5),(152,'Los Angeles',8),(157,'Los Vilos',5),(158,'Lota',8),(168,'Mejillones',2),(169,'Melipilla',13),(172,'Molina',7),(179,'Nancagua',6),(186,'Nuble',8),(189,'Olmue',5),(190,'Osorno',10),(191,'Ovalle',4),(193,'Paillaco',14),(196,'Panguipulli',14),(197,'Panquehue',5),(203,'Penco',8),(209,'Pichidegua',6),(219,'Porvenir',12),(224,'Puerto Aysen',11),(225,'Puerto Chacabuco',11),(226,'Puerto Cisnes',11),(228,'Puerto Montt',10),(229,'Puerto Natales',12),(230,'Puerto Octay',10),(231,'Puerto Varas',10),(234,'Punta Arenas',12),(236,'Purranque',10),(239,'Quellon',10),(241,'Quilicura',13),(242,'Quillon',8),(243,'Quillota',5),(244,'Quilpue',5),(245,'Quinta De Tilcoco',6),(246,'Quintero',5),(249,'Rancagua',6),(253,'Renaca',5),(255,'Rengo',6),(259,'Rinconada',5),(261,'Romeral',7),(266,'San Antonio',5),(267,'San Bernardo',13),(269,'San Clemente',7),(271,'San Felipe',5),(272,'San Fernando',6),(274,'San Francisco De Mostazal',6),(276,'San Javier',7),(285,'San Vicente',8),(286,'Santa Ana',13),(292,'Santa Maria',5),(293,'Temuco',9),(294,'Santo Domingo',5),(296,'Talagante',13),(297,'Talca',7),(298,'Talcahuano',8),(304,'Tocopilla',2),(309,'Valdivia',14),(311,'Vallenar',3),(312,'Valparaiso',5),(313,'Vichuquen',7),(314,'Victoria',9),(318,'Villa Alemana',5),(319,'Villarrica',9),(320,'Vina Del Mar',5),(325,'Santiago',13),(327,'Camarones',15),(330,'Camina',15),(331,'Chillan',16),(332,'San Carlos',16),(333,'Yungay',16),(334,'Quirihue',16),(335,'Coihueco',16),(336,'Bulnes',16),(337,'Cobquecura',16),(338,'Pemuco',16),(339,'Pinto',16),(340,'San Fabian',16),(341,'Niquen',16),(342,'San Gregorio',16),(343,'Buli',16),(344,'Chillan Viejo',16),(345,'Quillon',16),(346,'Portezuelo',16),(347,'El Quisco',5);
/*!40000 ALTER TABLE `tablas_ciudades` ENABLE KEYS */;
UNLOCK TABLES;

--
-- Table structure for table `tablas_comunas`
--

DROP TABLE IF EXISTS `tablas_comunas`;
/*!40101 SET @saved_cs_client     = @@character_set_client */;
/*!50503 SET character_set_client = utf8mb4 */;
CREATE TABLE `tablas_comunas` (
  `id` bigint(20) NOT NULL AUTO_INCREMENT,
  `nombre` varchar(45) NOT NULL,
  `region_id` bigint(20) NOT NULL,
  PRIMARY KEY (`id`),
  KEY `tablas_comunas_region_id_59ba8ad3_fk_tablas_regiones_id` (`region_id`),
  CONSTRAINT `tablas_comunas_region_id_59ba8ad3_fk_tablas_regiones_id` FOREIGN KEY (`region_id`) REFERENCES `tablas_regiones` (`id`)
) ENGINE=InnoDB AUTO_INCREMENT=15203 DEFAULT CHARSET=utf8mb4 COLLATE=utf8mb4_general_ci;
/*!40101 SET character_set_client = @saved_cs_client */;

--
-- Dumping data for table `tablas_comunas`
--

LOCK TABLES `tablas_comunas` WRITE;
/*!40000 ALTER TABLE `tablas_comunas` DISABLE KEYS */;
INSERT INTO `tablas_comunas` VALUES (1101,'Iquique',1),(1107,'Alto Hospicio',1),(1401,'Pozo Almonte',1),(1402,'Camina',1),(1403,'Colchane',1),(1404,'Huara',1),(1405,'Pica',1),(2101,'Antofagasta',2),(2102,'Mejillones',2),(2103,'Sierra Gorda',2),(2104,'Taltal',2),(2201,'Calama',2),(2202,'Ollague',2),(2203,'San Pedro De Atacama',2),(2301,'Tocopilla',2),(2302,'Maria Elena',2),(3101,'Copiapo',3),(3102,'Caldera',3),(3103,'Tierra Amarilla',3),(3201,'Chanaral',3),(3202,'Diego De Almagro',3),(3301,'Vallenar',3),(3302,'Alto Del Carmen',3),(3303,'Freirina',3),(3304,'Huasco',3),(4101,'La Serena',4),(4102,'Coquimbo',4),(4103,'Andacollo',4),(4104,'La Higuera',4),(4105,'Paihuano',4),(4106,'Vicuna',4),(4201,'Illapel',4),(4202,'Canela',4),(4203,'Los Vilos',4),(4204,'Salamanca',4),(4301,'Ovalle',4),(4302,'Combarbala',4),(4303,'Monte Patria',4),(4304,'Punitaqui',4),(4305,'Rio Hurtado',4),(5101,'Valparaiso',5),(5102,'Casablanca',5),(5103,'Con Con',5),(5104,'Juan Fernandez',5),(5105,'Puchuncavi',5),(5106,'Quilpue',5),(5107,'Quintero',5),(5108,'Villa Alemana',5),(5109,'Vina Del Mar',5),(5201,'Isla De Pascua',5),(5301,'Los Andes',5),(5302,'Calle Larga',5),(5303,'Rinconada',5),(5304,'San Esteban',5),(5401,'La Ligua',5),(5402,'Cabildo',5),(5403,'Papudo',5),(5404,'Petorca',5),(5405,'Zapallar',5),(5501,'Quillota',5),(5502,'Calera',5),(5503,'Hijuelas',5),(5504,'La Cruz',5),(5505,'Limache',5),(5506,'Nogales',5),(5507,'Olmue',5),(5601,'San Antonio',5),(5602,'Algarrobo',5),(5603,'Cartagena',5),(5604,'El Quisco',5),(5605,'El Tabo',5),(5606,'Santo Domingo',5),(5701,'San Felipe',5),(5702,'Catemu',5),(5703,'Llay Llay',5),(5704,'Panquehue',5),(5705,'Putaendo',5),(5706,'Santa Maria',5),(6101,'Rancagua',6),(6102,'Codegua',6),(6103,'Coinco',6),(6104,'Coltauco',6),(6105,'Donihue',6),(6106,'Graneros',6),(6107,'Las Cabras',6),(6108,'Machali',6),(6109,'Malloa',6),(6110,'Mostazal',6),(6111,'Olivar',6),(6112,'Peumo',6),(6113,'Pichidegua',6),(6114,'Quinta De Tilcoco',6),(6115,'Rengo',6),(6116,'Requinoa',6),(6117,'San Vicente',6),(6201,'Pichilemu',6),(6202,'La Estrella',6),(6203,'Litueche',6),(6204,'Marchigue',6),(6205,'Navidad',6),(6206,'Paredones',6),(6301,'San Fernando',6),(6302,'Chepica',6),(6303,'Chimbarongo',6),(6304,'Lolol',6),(6305,'Nancagua',6),(6306,'Palmilla',6),(6307,'Peralillo',6),(6308,'Placilla',6),(6309,'Pumanque',6),(6310,'Santa Cruz',6),(7101,'Talca',7),(7102,'Constitucion',7),(7103,'Curepto',7),(7104,'Empedrado',7),(7105,'Maule',7),(7106,'Pelarco',7),(7107,'Pencahue',7),(7108,'Rio Claro',7),(7109,'San Clemente',7),(7110,'San Rafael',7),(7201,'Cauquenes',7),(7202,'Chanco',7),(7203,'Pelluhue',7),(7301,'Curico',7),(7302,'Hualane',7),(7303,'Licanten',7),(7304,'Molina',7),(7305,'Rauco',7),(7306,'Romeral',7),(7307,'Sagrada Familia',7),(7308,'Teno',7),(7309,'Vichuquen',7),(7401,'Linares',7),(7402,'Colbun',7),(7403,'Longavi',7),(7404,'Parral',7),(7405,'Retiro',7),(7406,'San Javier',7),(7407,'Villa Alegre',7),(7408,'Yerbas Buenas',7),(8101,'Concepcion',8),(8102,'Coronel',8),(8103,'Chiguayante',8),(8104,'Florida',8),(8105,'Hualqui',8),(8106,'Lota',8),(8107,'Penco',8),(8108,'San Pedro De La Paz',8),(8109,'Santa Juana',8),(8110,'Talcahuano',8),(8111,'Tome',8),(8112,'Hualpen',8),(8201,'Lebu',8),(8202,'Arauco',8),(8203,'Canete',8),(8204,'Contulmo',8),(8205,'Curanilahue',8),(8206,'Los Alamos',8),(8207,'Tirua',8),(8301,'Los Angeles',8),(8302,'Antuco',8),(8303,'Cabrero',8),(8304,'Laja',8),(8305,'Mulchn',8),(8306,'Nacimiento',8),(8307,'Negrete',8),(8308,'Quilaco',8),(8309,'Quilleco',8),(8310,'San Rosendo',8),(8311,'Santa Barbara',8),(8312,'Tucapel',8),(8313,'Yumbel',8),(8314,'Alto Bio Bio',8),(8401,'Chilln',8),(8402,'Bulnes',8),(8403,'Cobquecura',8),(8404,'Coelemu',8),(8405,'Coihueco',8),(8406,'Chillan Viejo',8),(8407,'El Carmen',8),(8408,'Ninhue',8),(8409,'Iqun',8),(8410,'Pemuco',8),(8411,'Pinto',8),(8412,'Portezuelo',8),(8413,'Quillon',8),(8414,'Quirihue',8),(8415,'Ranquil',8),(8416,'San Carlos',8),(8417,'San Fabian',8),(8418,'San Ignacio',8),(8419,'San Nicolas',8),(8420,'Treguaco',8),(8421,'Yungay',8),(9101,'Temuco',9),(9102,'Carahue',9),(9103,'Cunco',9),(9104,'Curarrehue',9),(9105,'Freire',9),(9106,'Galvarino',9),(9107,'Gorbea',9),(9108,'Lautaro',9),(9109,'Loncoche',9),(9110,'Melipeuco',9),(9111,'Nueva Imperial',9),(9112,'Padre Las Casas',9),(9113,'Perquenco',9),(9114,'Pitrufquen',9),(9115,'Pucon',9),(9116,'Saavedra',9),(9117,'Teodoro Schmidt',9),(9118,'Tolten',9),(9119,'Vilcun',9),(9120,'Villarrica',9),(9121,'Cholchol',9),(9201,'Angol',9),(9202,'Collipulli',9),(9203,'Curacautin',9),(9204,'Ercilla',9),(9205,'Lonquimay',9),(9206,'Los Sauces',9),(9207,'Lumaco',9),(9208,'Puren',9),(9209,'Renaico',9),(9210,'Traiguen',9),(9211,'Victoria',9),(10101,'Puerto Montt',10),(10102,'Calbuco',10),(10103,'Cochamo',10),(10104,'Fresia',10),(10105,'Frutillar',10),(10106,'Los Muermos',10),(10107,'Llanquihue',10),(10108,'Maullin',10),(10109,'Puerto Varas',10),(10201,'Castro',10),(10202,'Ancud',10),(10203,'Chonchi',10),(10204,'Curaco De Velez',10),(10205,'Dalcahue',10),(10206,'Puqueldan',10),(10207,'Queilon',10),(10208,'Quellon',10),(10209,'Quemchi',10),(10210,'Quinchao',10),(10301,'Osorno',10),(10302,'Puerto Octay',10),(10303,'Purranque',10),(10304,'Puyehue',10),(10305,'Rio Negro',10),(10306,'San Juan De La Costa',10),(10307,'San Pablo',10),(10401,'Chaiten',10),(10402,'Futaleufu',10),(10403,'Hualaihue',10),(10404,'Palena',10),(11101,'Coihaique',11),(11102,'Lago Verde',11),(11201,'Aysen',11),(11202,'Cisnes',11),(11203,'Guaitecas',11),(11301,'Cochrane',11),(11302,'O Higgins',11),(11303,'Tortel',11),(11401,'Chile Chico',11),(11402,'Rio Ibanez',11),(12101,'Punta Arenas',12),(12102,'Laguna Blanca',12),(12103,'Rio Verde',12),(12104,'San Gregorio',12),(12201,'Cabo De Hornos',12),(12202,'Antartica',12),(12301,'Porvenir',12),(12302,'Primavera',12),(12303,'Timaukel',12),(12401,'Natales',12),(12402,'Torres Del Paine',12),(13101,'Santiago',13),(13102,'Cerrillos',13),(13103,'Cerro Navia',13),(13104,'Conchali',13),(13105,'El Bosque',13),(13106,'Estacion Central',13),(13107,'Huechuraba',13),(13108,'Independencia',13),(13109,'La Cisterna',13),(13110,'La Florida',13),(13111,'La Granja',13),(13112,'La Pintana',13),(13113,'La Reina',13),(13114,'Las Condes',13),(13115,'Lo Barnechea',13),(13116,'Lo Espejo',13),(13117,'Lo Prado',13),(13118,'Macul',13),(13119,'Maipu',13),(13120,'Nunoa',13),(13121,'Pedro Aguirre Cerda',13),(13122,'Penalolen',13),(13123,'Providencia',13),(13124,'Pudahuel',13),(13125,'Quilicura ',13),(13126,'Quinta Normal',13),(13127,'Recoleta',13),(13128,'Renca',13),(13129,'San Joaquin',13),(13130,'San Miguel',13),(13131,'San Ramon',13),(13132,'Vitacura',13),(13201,'Puente Alto',13),(13202,'Pirque',13),(13203,'San Jose De Maipo',13),(13301,'Colina',13),(13302,'Lampa',13),(13303,'Tiltil',13),(13401,'San Bernardo',13),(13402,'Buin',13),(13403,'Calera De Tango',13),(13404,'Paine',13),(13501,'Melipilla',13),(13502,'Alhue',13),(13503,'Curacavi',13),(13504,'Maria Pinto',13),(13505,'San Pedro',13),(13601,'Talagante',13),(13602,'El Monte',13),(13603,'Isla De Maipo',13),(13604,'Padre Hurtado',13),(13605,'Penaflor',13),(14101,'Valdivia',14),(14102,'Corral',14),(14103,'Lanco',14),(14104,'Los Lagos',14),(14105,'Mafil',14),(14106,'Mariquina',14),(14107,'Paillaco',14),(14108,'Panguipulli',14),(14201,'La Union',14),(14202,'Futrono',14),(14203,'Lago Ranco',14),(14204,'Rio Bueno',14),(15101,'Arica',15),(15102,'Camarones',15),(15201,'Putre',15),(15202,'General Lagos',15);
/*!40000 ALTER TABLE `tablas_comunas` ENABLE KEYS */;
UNLOCK TABLES;

--
-- Table structure for table `tablas_formapagogral`
--

DROP TABLE IF EXISTS `tablas_formapagogral`;
/*!40101 SET @saved_cs_client     = @@character_set_client */;
/*!50503 SET character_set_client = utf8mb4 */;
CREATE TABLE `tablas_formapagogral` (
  `id` bigint(20) NOT NULL AUTO_INCREMENT,
  `nombre` varchar(45) NOT NULL,
  PRIMARY KEY (`id`)
) ENGINE=InnoDB AUTO_INCREMENT=3 DEFAULT CHARSET=utf8mb4 COLLATE=utf8mb4_general_ci;
/*!40101 SET character_set_client = @saved_cs_client */;

--
-- Dumping data for table `tablas_formapagogral`
--

LOCK TABLES `tablas_formapagogral` WRITE;
/*!40000 ALTER TABLE `tablas_formapagogral` DISABLE KEYS */;
INSERT INTO `tablas_formapagogral` VALUES (1,'Transferencia Electrnica'),(2,'Transbank');
/*!40000 ALTER TABLE `tablas_formapagogral` ENABLE KEYS */;
UNLOCK TABLES;

--
-- Table structure for table `tablas_formapagosalud`
--

DROP TABLE IF EXISTS `tablas_formapagosalud`;
/*!40101 SET @saved_cs_client     = @@character_set_client */;
/*!50503 SET character_set_client = utf8mb4 */;
CREATE TABLE `tablas_formapagosalud` (
  `id` bigint(20) NOT NULL AUTO_INCREMENT,
  `nombre` varchar(45) NOT NULL,
  PRIMARY KEY (`id`)
) ENGINE=InnoDB AUTO_INCREMENT=11 DEFAULT CHARSET=utf8mb4 COLLATE=utf8mb4_general_ci;
/*!40101 SET character_set_client = @saved_cs_client */;

--
-- Dumping data for table `tablas_formapagosalud`
--

LOCK TABLES `tablas_formapagosalud` WRITE;
/*!40000 ALTER TABLE `tablas_formapagosalud` DISABLE KEYS */;
INSERT INTO `tablas_formapagosalud` VALUES (1,'Transferencia Electrnica'),(2,'Isapre Banmedica'),(3,'Transbank'),(4,'Fonasa'),(5,'Isapre Colmena'),(6,'Isapre Consalud'),(7,'Isapre Cruz Blanca'),(8,'Isapre Nueva Masvida'),(9,'Isapre Vida Tres'),(10,'Isapre Esencial');
/*!40000 ALTER TABLE `tablas_formapagosalud` ENABLE KEYS */;
UNLOCK TABLES;

--
-- Table structure for table `tablas_modalidadatencion`
--

DROP TABLE IF EXISTS `tablas_modalidadatencion`;
/*!40101 SET @saved_cs_client     = @@character_set_client */;
/*!50503 SET character_set_client = utf8mb4 */;
CREATE TABLE `tablas_modalidadatencion` (
  `id` bigint(20) NOT NULL AUTO_INCREMENT,
  `nombre` varchar(45) NOT NULL,
  PRIMARY KEY (`id`)
) ENGINE=InnoDB AUTO_INCREMENT=4 DEFAULT CHARSET=utf8mb4 COLLATE=utf8mb4_general_ci;
/*!40101 SET character_set_client = @saved_cs_client */;

--
-- Dumping data for table `tablas_modalidadatencion`
--

LOCK TABLES `tablas_modalidadatencion` WRITE;
/*!40000 ALTER TABLE `tablas_modalidadatencion` DISABLE KEYS */;
INSERT INTO `tablas_modalidadatencion` VALUES (1,'Presencial'),(2,'Virtual'),(3,'Domicilio');
/*!40000 ALTER TABLE `tablas_modalidadatencion` ENABLE KEYS */;
UNLOCK TABLES;

--
-- Table structure for table `tablas_planes`
--

DROP TABLE IF EXISTS `tablas_planes`;
/*!40101 SET @saved_cs_client     = @@character_set_client */;
/*!50503 SET character_set_client = utf8mb4 */;
CREATE TABLE `tablas_planes` (
  `id` bigint(20) NOT NULL AUTO_INCREMENT,
  `fdesde` date NOT NULL,
  `fhasta` date NOT NULL,
  `nombre` varchar(45) NOT NULL,
  `estado` varchar(1) NOT NULL,
  `periodicidad` varchar(1) NOT NULL,
  `valor` decimal(8,2) DEFAULT NULL,
  PRIMARY KEY (`id`)
) ENGINE=InnoDB AUTO_INCREMENT=5 DEFAULT CHARSET=utf8mb4 COLLATE=utf8mb4_general_ci;
/*!40101 SET character_set_client = @saved_cs_client */;

--
-- Dumping data for table `tablas_planes`
--

LOCK TABLES `tablas_planes` WRITE;
/*!40000 ALTER TABLE `tablas_planes` DISABLE KEYS */;
INSERT INTO `tablas_planes` VALUES (1,'2024-01-01','2024-12-31','Anual 2024','1','2',100000.00),(2,'2024-01-01','2024-06-30','Primer Semestre 2024','0','1',60000.00),(3,'2024-07-01','2024-12-31','Segundo Semestre 2024','1','2',50000.00),(4,'2025-01-01','2025-12-31','Anual 2025','1','2',90000.00);
/*!40000 ALTER TABLE `tablas_planes` ENABLE KEYS */;
UNLOCK TABLES;

--
-- Table structure for table `tablas_promociones`
--

DROP TABLE IF EXISTS `tablas_promociones`;
/*!40101 SET @saved_cs_client     = @@character_set_client */;
/*!50503 SET character_set_client = utf8mb4 */;
CREATE TABLE `tablas_promociones` (
  `id` bigint(20) NOT NULL AUTO_INCREMENT,
  `nombre` varchar(45) NOT NULL,
  `fdesde` date NOT NULL,
  `fhasta` date NOT NULL,
  `pclave` varchar(45) NOT NULL,
  `dcto_porcentaje` decimal(10,2) NOT NULL,
  `dcto_cantidad` decimal(10,2) NOT NULL,
  `estado` varchar(1) NOT NULL,
  PRIMARY KEY (`id`)
) ENGINE=InnoDB AUTO_INCREMENT=3 DEFAULT CHARSET=utf8mb4 COLLATE=utf8mb4_general_ci;
/*!40101 SET character_set_client = @saved_cs_client */;

--
-- Dumping data for table `tablas_promociones`
--

LOCK TABLES `tablas_promociones` WRITE;
/*!40000 ALTER TABLE `tablas_promociones` DISABLE KEYS */;
INSERT INTO `tablas_promociones` VALUES (1,'Promocion Invierno','2024-04-03','2024-05-31','clave1',10.00,2000.00,'1'),(2,'Promo Mes Del Mar','2024-05-01','2024-05-31','21demayo',10.00,1000.00,'1');
/*!40000 ALTER TABLE `tablas_promociones` ENABLE KEYS */;
UNLOCK TABLES;

--
-- Table structure for table `tablas_regiones`
--

DROP TABLE IF EXISTS `tablas_regiones`;
/*!40101 SET @saved_cs_client     = @@character_set_client */;
/*!50503 SET character_set_client = utf8mb4 */;
CREATE TABLE `tablas_regiones` (
  `id` bigint(20) NOT NULL AUTO_INCREMENT,
  `nombre` varchar(45) NOT NULL,
  `numero` varchar(4) NOT NULL,
  PRIMARY KEY (`id`)
) ENGINE=InnoDB AUTO_INCREMENT=17 DEFAULT CHARSET=utf8mb4 COLLATE=utf8mb4_general_ci;
/*!40101 SET character_set_client = @saved_cs_client */;

--
-- Dumping data for table `tablas_regiones`
--

LOCK TABLES `tablas_regiones` WRITE;
/*!40000 ALTER TABLE `tablas_regiones` DISABLE KEYS */;
INSERT INTO `tablas_regiones` VALUES (1,'Tarapaca','I'),(2,'Antofagasta','II'),(3,'Atacama','III'),(4,'Coquimbo','IV'),(5,'Valparaso','V'),(6,'OHiggins','VI'),(7,'Maule','VII'),(8,'Bio-Bio','VIII'),(9,'Araucania','IX'),(10,'Los Lagos','X'),(11,'Aysen','XI'),(12,'Magallanes','XII'),(13,'Metropolitana','XIII'),(14,'Los Rios','XIV'),(15,'Arica','XV'),(16,'Nuble','XVI');
/*!40000 ALTER TABLE `tablas_regiones` ENABLE KEYS */;
UNLOCK TABLES;

--
-- Table structure for table `tablas_rubros`
--

DROP TABLE IF EXISTS `tablas_rubros`;
/*!40101 SET @saved_cs_client     = @@character_set_client */;
/*!50503 SET character_set_client = utf8mb4 */;
CREATE TABLE `tablas_rubros` (
  `id` bigint(20) NOT NULL AUTO_INCREMENT,
  `nombre` varchar(45) NOT NULL,
  `areasalud` varchar(1) NOT NULL,
  PRIMARY KEY (`id`)
) ENGINE=InnoDB AUTO_INCREMENT=19 DEFAULT CHARSET=utf8mb4 COLLATE=utf8mb4_general_ci;
/*!40101 SET character_set_client = @saved_cs_client */;

--
-- Dumping data for table `tablas_rubros`
--

LOCK TABLES `tablas_rubros` WRITE;
/*!40000 ALTER TABLE `tablas_rubros` DISABLE KEYS */;
INSERT INTO `tablas_rubros` VALUES (1,'Salud','1'),(2,'Derecho','0'),(3,'Contabilidad','0'),(4,'Asesoria','0'),(5,'Ingenieria En Sistemas / Ti','0'),(6,'Mercadotecnia','0'),(7,'Idiomas','0'),(8,'Diseo Grafico','0'),(9,'Arquitectura','0'),(10,'Comunicaciones','0'),(11,'Fotografia Y Video','0'),(12,'Refuerzo Academico','0'),(13,'Guia Turistico','0'),(14,'Entrenador Personal','0'),(15,'Asesor De Imagen','0'),(16,'Mantenimiento / Reparacion','0'),(17,'Mascotas','0'),(18,'Automovil','0');
/*!40000 ALTER TABLE `tablas_rubros` ENABLE KEYS */;
UNLOCK TABLES;

--
-- Table structure for table `tablas_subcategorias`
--

DROP TABLE IF EXISTS `tablas_subcategorias`;
/*!40101 SET @saved_cs_client     = @@character_set_client */;
/*!50503 SET character_set_client = utf8mb4 */;
CREATE TABLE `tablas_subcategorias` (
  `id` bigint(20) NOT NULL AUTO_INCREMENT,
  `nombre` varchar(45) NOT NULL,
  `categoria_id` bigint(20) NOT NULL,
  `rubro_id` bigint(20) NOT NULL,
  PRIMARY KEY (`id`),
  KEY `tablas_subcategorias_categoria_id_93bcc9bf_fk_tablas_ca` (`categoria_id`),
  KEY `tablas_subcategorias_rubro_id_a174d7a8_fk_tablas_rubros_id` (`rubro_id`),
  CONSTRAINT `tablas_subcategorias_categoria_id_93bcc9bf_fk_tablas_ca` FOREIGN KEY (`categoria_id`) REFERENCES `tablas_categorias` (`id`),
  CONSTRAINT `tablas_subcategorias_rubro_id_a174d7a8_fk_tablas_rubros_id` FOREIGN KEY (`rubro_id`) REFERENCES `tablas_rubros` (`id`)
) ENGINE=InnoDB AUTO_INCREMENT=105 DEFAULT CHARSET=utf8mb4 COLLATE=utf8mb4_general_ci;
/*!40101 SET character_set_client = @saved_cs_client */;

--
-- Dumping data for table `tablas_subcategorias`
--

LOCK TABLES `tablas_subcategorias` WRITE;
/*!40000 ALTER TABLE `tablas_subcategorias` DISABLE KEYS */;
INSERT INTO `tablas_subcategorias` VALUES (1,'Anestesiologia',1,1),(2,'Cardiologia',1,1),(3,'Cirugia Cardiovascular',1,1),(4,'Cirugia General',1,1),(5,'Cirugia De Cabeza Y Cuello Y Maxilofacial',1,1),(6,'Cirugia Plastica Y Reparadora',1,1),(7,'Cirugia De Torax',1,1),(8,'Cirugia Vascular Periferica',1,1),(9,'Coloproctologia',1,1),(10,'Dermatologia',1,1),(11,'Diabetologia',1,1),(12,'Endocrinologia',1,1),(13,'Enfermedades Respiratorias',1,1),(14,'Fisiatria',1,1),(15,'Gastroenterologia',1,1),(16,'Geriatria',1,1),(17,'Genetica Clinica',1,1),(18,'Ginecologia',1,1),(19,'Hematologia',1,1),(20,'Infectologia',1,1),(21,'Inmunologia Y Alergologia',1,1),(22,'Medicina Familiar',1,1),(23,'Medicina General',1,1),(24,'Medicina Interna',1,1),(25,'Medicina Materno Fetal',1,1),(26,'Medicina Paliativa',1,1),(27,'Nefrologia',1,1),(28,'Neonatologia',1,1),(29,'Neurocirugia',1,1),(30,'Neurologia',1,1),(31,'Nutriologia',1,1),(32,'Oncologia',1,1),(33,'Oftalmologia',1,1),(34,'Otorrinolaringologia',1,1),(35,'Reumatologia',1,1),(36,'Pediatria',1,1),(37,'Psiquiatria',1,1),(38,'Traumatologia',1,1),(39,'Urologia',1,1),(40,'Cirugia Bucal Y Maxilofacial',2,1),(41,'Implantologia',2,1),(42,'General',2,1),(43,'Ortodoncia',2,1),(44,'Endodoncia',2,1),(45,'Odontopediatria',2,1),(46,'Periodoncia',2,1),(47,'Rehabilitacion Oral',2,1),(48,'Trastornos Temporomandibulares',2,1),(49,'Radiologia',2,1),(50,'Restauradora Estetica',2,1),(51,'Inyeccion',3,1),(52,'Cuidado Adulto Mayor',3,1),(53,'Cuidado Paciente',3,1),(54,'Cuidado Recien Nacido',3,1),(55,'Curaciones',3,1),(56,'Administracion Medicamentos Endovenosos',3,1),(57,'Instalacion De Sondas',3,1),(58,'Manejo Y Cuidado Colostomia',3,1),(59,'Cuidado Salud Mental',3,1),(60,'Asesoria Lactancia',3,1),(61,'Asesoria Lactancia',5,1),(62,'Neuropsicologia',10,1),(63,'Clinica',10,1),(64,'Inyeccion',11,1),(65,'Cuidado Adulto Mayor',11,1),(66,'Cuidado Paciente',11,1),(67,'Curaciones',11,1),(68,'Accidentes De Transito',12,2),(69,'Delitos Y Faltas',12,2),(70,'Estafa',12,2),(71,'Hurto',12,2),(72,'Deudas',13,2),(73,'Deuda Tag',13,2),(74,'Herencia De Deudas',13,2),(75,'Tercerias',13,2),(76,'Divorcios Y Separaciones',14,2),(77,'Pension Alimenticia',14,2),(78,'Herencias',14,2),(79,'Cambio De Nombre',14,2),(80,'Embargos',15,2),(81,'Arriendos',15,2),(82,'Terrenos',15,2),(83,'Compraventa',15,2),(84,'Renuncia',16,2),(85,'Despido',16,2),(86,'Contratos',16,2),(87,'Fueros Maternales',16,2),(88,'Registro De Marca',17,2),(89,'Alzas',17,2),(90,'Alzas De Isapres',17,2),(91,'Abogado Sociedades',17,2),(92,'Impuestos',19,2),(93,'Medio Ambiente',20,2),(94,'Grandes Empresas',25,3),(95,'Pymes',25,3),(96,'Personas',25,3),(97,'Traduccion',43,7),(98,'Interprete',43,7),(99,'Traduccion Tecnica',43,7),(100,'Ingles',44,7),(101,'Frances',44,7),(102,'Otros Idiomas',44,7),(103,'Drones',64,11),(104,'Estandar',64,11);
/*!40000 ALTER TABLE `tablas_subcategorias` ENABLE KEYS */;
UNLOCK TABLES;

--
-- Table structure for table `tablas_tipoprevision`
--

DROP TABLE IF EXISTS `tablas_tipoprevision`;
/*!40101 SET @saved_cs_client     = @@character_set_client */;
/*!50503 SET character_set_client = utf8mb4 */;
CREATE TABLE `tablas_tipoprevision` (
  `id` bigint(20) NOT NULL AUTO_INCREMENT,
  `nombre` varchar(45) NOT NULL,
  PRIMARY KEY (`id`)
) ENGINE=InnoDB AUTO_INCREMENT=5 DEFAULT CHARSET=utf8mb4 COLLATE=utf8mb4_general_ci;
/*!40101 SET character_set_client = @saved_cs_client */;

--
-- Dumping data for table `tablas_tipoprevision`
--

LOCK TABLES `tablas_tipoprevision` WRITE;
/*!40000 ALTER TABLE `tablas_tipoprevision` DISABLE KEYS */;
INSERT INTO `tablas_tipoprevision` VALUES (1,'Particular'),(2,'Isapre'),(3,'Fonasa'),(4,'Capredena');
/*!40000 ALTER TABLE `tablas_tipoprevision` ENABLE KEYS */;
UNLOCK TABLES;

--
-- Table structure for table `usuarios_agendas`
--

DROP TABLE IF EXISTS `usuarios_agendas`;
/*!40101 SET @saved_cs_client     = @@character_set_client */;
/*!50503 SET character_set_client = utf8mb4 */;
CREATE TABLE `usuarios_agendas` (
  `id` bigint(20) NOT NULL AUTO_INCREMENT,
  `fingreso` date NOT NULL,
  `fecha` date NOT NULL,
  `hora` time(6) NOT NULL,
  `mensaje` varchar(250) NOT NULL,
  `estado` varchar(1) NOT NULL,
  `usuariorel` bigint(20) unsigned NOT NULL CHECK (`usuariorel` >= 0),
  `agendaespecialista_id` bigint(20) DEFAULT NULL,
  `especialista_id` bigint(20) DEFAULT NULL,
  `usuario_id` bigint(20) DEFAULT NULL,
  PRIMARY KEY (`id`),
  KEY `usuarios_agendas_agendaespecialista_i_ea072578_fk_especiali` (`agendaespecialista_id`),
  KEY `usuarios_agendas_especialista_id_dca37253_fk_usuarios_` (`especialista_id`),
  KEY `usuarios_agendas_usuario_id_d17d1c0b_fk_usuarios_personas_id` (`usuario_id`),
  CONSTRAINT `usuarios_agendas_agendaespecialista_i_ea072578_fk_especiali` FOREIGN KEY (`agendaespecialista_id`) REFERENCES `especialistas_programas` (`id`),
  CONSTRAINT `usuarios_agendas_especialista_id_dca37253_fk_usuarios_` FOREIGN KEY (`especialista_id`) REFERENCES `usuarios_especialistas` (`id`),
  CONSTRAINT `usuarios_agendas_usuario_id_d17d1c0b_fk_usuarios_personas_id` FOREIGN KEY (`usuario_id`) REFERENCES `usuarios_personas` (`id`)
) ENGINE=InnoDB DEFAULT CHARSET=utf8mb4 COLLATE=utf8mb4_general_ci;
/*!40101 SET character_set_client = @saved_cs_client */;

--
-- Dumping data for table `usuarios_agendas`
--

LOCK TABLES `usuarios_agendas` WRITE;
/*!40000 ALTER TABLE `usuarios_agendas` DISABLE KEYS */;
/*!40000 ALTER TABLE `usuarios_agendas` ENABLE KEYS */;
UNLOCK TABLES;

--
-- Table structure for table `usuarios_especialistas`
--

DROP TABLE IF EXISTS `usuarios_especialistas`;
/*!40101 SET @saved_cs_client     = @@character_set_client */;
/*!50503 SET character_set_client = utf8mb4 */;
CREATE TABLE `usuarios_especialistas` (
  `id` bigint(20) NOT NULL AUTO_INCREMENT,
  `foto` varchar(100) DEFAULT NULL,
  `descripcion` varchar(250) DEFAULT NULL,
  `estado_suscripcion` varchar(1) NOT NULL,
  `promedio_evaluacion` decimal(6,2) NOT NULL,
  `tiempo_consulta` smallint(5) unsigned NOT NULL CHECK (`tiempo_consulta` >= 0),
  `reg_especialista` varchar(120) DEFAULT NULL,
  `ctr_altadctos` varchar(1) NOT NULL,
  `categoria_id` bigint(20) DEFAULT NULL,
  `plan_id` bigint(20) DEFAULT NULL,
  `rubro_id` bigint(20) DEFAULT NULL,
  `subcategoria_id` bigint(20) DEFAULT NULL,
  `persona_id` bigint(20) NOT NULL,
  PRIMARY KEY (`id`),
  UNIQUE KEY `persona_id` (`persona_id`),
  KEY `usuarios_especialist_categoria_id_3a299847_fk_tablas_ca` (`categoria_id`),
  KEY `usuarios_especialistas_plan_id_7ef534b5_fk_tablas_planes_id` (`plan_id`),
  KEY `usuarios_especialistas_rubro_id_17f4a9d5_fk_tablas_rubros_id` (`rubro_id`),
  KEY `usuarios_especialist_subcategoria_id_dc2edc5b_fk_tablas_su` (`subcategoria_id`),
  CONSTRAINT `usuarios_especialist_categoria_id_3a299847_fk_tablas_ca` FOREIGN KEY (`categoria_id`) REFERENCES `tablas_categorias` (`id`),
  CONSTRAINT `usuarios_especialist_persona_id_3ae23979_fk_usuarios_` FOREIGN KEY (`persona_id`) REFERENCES `usuarios_personas` (`id`) ON DELETE CASCADE,
  CONSTRAINT `usuarios_especialist_subcategoria_id_dc2edc5b_fk_tablas_su` FOREIGN KEY (`subcategoria_id`) REFERENCES `tablas_subcategorias` (`id`),
  CONSTRAINT `usuarios_especialistas_plan_id_7ef534b5_fk_tablas_planes_id` FOREIGN KEY (`plan_id`) REFERENCES `tablas_planes` (`id`),
  CONSTRAINT `usuarios_especialistas_rubro_id_17f4a9d5_fk_tablas_rubros_id` FOREIGN KEY (`rubro_id`) REFERENCES `tablas_rubros` (`id`)
) ENGINE=InnoDB AUTO_INCREMENT=8 DEFAULT CHARSET=utf8mb4 COLLATE=utf8mb4_general_ci;
/*!40101 SET character_set_client = @saved_cs_client */;

--
-- Dumping data for table `usuarios_especialistas`
--

LOCK TABLES `usuarios_especialistas` WRITE;
/*!40000 ALTER TABLE `usuarios_especialistas` DISABLE KEYS */;
INSERT INTO `usuarios_especialistas` VALUES (7,'',NULL,'0',0.00,0,NULL,'0',NULL,4,NULL,NULL,25);
/*!40000 ALTER TABLE `usuarios_especialistas` ENABLE KEYS */;
UNLOCK TABLES;

--
-- Table structure for table `usuarios_evaluaciones`
--

DROP TABLE IF EXISTS `usuarios_evaluaciones`;
/*!40101 SET @saved_cs_client     = @@character_set_client */;
/*!50503 SET character_set_client = utf8mb4 */;
CREATE TABLE `usuarios_evaluaciones` (
  `id` bigint(20) NOT NULL AUTO_INCREMENT,
  `fecha` date NOT NULL,
  `mensaje` varchar(120) NOT NULL,
  `evaluacion` smallint(5) unsigned NOT NULL CHECK (`evaluacion` >= 0),
  `especialista_id` bigint(20) NOT NULL,
  `usuario_id` bigint(20) NOT NULL,
  PRIMARY KEY (`id`),
  KEY `usuarios_evaluacione_especialista_id_97a23b5d_fk_usuarios_` (`especialista_id`),
  KEY `usuarios_evaluacione_usuario_id_74bce1c1_fk_usuarios_` (`usuario_id`),
  CONSTRAINT `usuarios_evaluacione_especialista_id_97a23b5d_fk_usuarios_` FOREIGN KEY (`especialista_id`) REFERENCES `usuarios_especialistas` (`id`),
  CONSTRAINT `usuarios_evaluacione_usuario_id_74bce1c1_fk_usuarios_` FOREIGN KEY (`usuario_id`) REFERENCES `usuarios_personas` (`id`)
) ENGINE=InnoDB DEFAULT CHARSET=utf8mb4 COLLATE=utf8mb4_general_ci;
/*!40101 SET character_set_client = @saved_cs_client */;

--
-- Dumping data for table `usuarios_evaluaciones`
--

LOCK TABLES `usuarios_evaluaciones` WRITE;
/*!40000 ALTER TABLE `usuarios_evaluaciones` DISABLE KEYS */;
/*!40000 ALTER TABLE `usuarios_evaluaciones` ENABLE KEYS */;
UNLOCK TABLES;

--
-- Table structure for table `usuarios_personas`
--

DROP TABLE IF EXISTS `usuarios_personas`;
/*!40101 SET @saved_cs_client     = @@character_set_client */;
/*!50503 SET character_set_client = utf8mb4 */;
CREATE TABLE `usuarios_personas` (
  `id` bigint(20) NOT NULL AUTO_INCREMENT,
  `rut` varchar(20) NOT NULL,
  `estado` varchar(1) NOT NULL,
  `perfil` varchar(1) NOT NULL,
  `fnacimiento` date NOT NULL,
  `telefono` varchar(20) NOT NULL,
  `ciudad_id` bigint(20) DEFAULT NULL,
  `comuna_id` bigint(20) DEFAULT NULL,
  `region_id` bigint(20) DEFAULT NULL,
  `usuario_id` int(11) NOT NULL,
  PRIMARY KEY (`id`),
  UNIQUE KEY `usuario_id` (`usuario_id`),
  KEY `usuarios_personas_ciudad_id_d20b4a77_fk_tablas_ciudades_id` (`ciudad_id`),
  KEY `usuarios_personas_comuna_id_f9742445_fk_tablas_comunas_id` (`comuna_id`),
  KEY `usuarios_personas_region_id_cf74c9e6_fk_tablas_regiones_id` (`region_id`),
  CONSTRAINT `usuarios_personas_ciudad_id_d20b4a77_fk_tablas_ciudades_id` FOREIGN KEY (`ciudad_id`) REFERENCES `tablas_ciudades` (`id`),
  CONSTRAINT `usuarios_personas_comuna_id_f9742445_fk_tablas_comunas_id` FOREIGN KEY (`comuna_id`) REFERENCES `tablas_comunas` (`id`),
  CONSTRAINT `usuarios_personas_region_id_cf74c9e6_fk_tablas_regiones_id` FOREIGN KEY (`region_id`) REFERENCES `tablas_regiones` (`id`),
  CONSTRAINT `usuarios_personas_usuario_id_d98790c7_fk_auth_user_id` FOREIGN KEY (`usuario_id`) REFERENCES `auth_user` (`id`) ON DELETE CASCADE
) ENGINE=InnoDB AUTO_INCREMENT=26 DEFAULT CHARSET=utf8mb4 COLLATE=utf8mb4_general_ci;
/*!40101 SET character_set_client = @saved_cs_client */;

--
-- Dumping data for table `usuarios_personas`
--

LOCK TABLES `usuarios_personas` WRITE;
/*!40000 ALTER TABLE `usuarios_personas` DISABLE KEYS */;
INSERT INTO `usuarios_personas` VALUES (1,'77.525.160-3','1','1','1958-01-09','56 9 9 8280299',320,5109,5,1),(19,'7.451.088-4','1','3','2024-06-03','89098098',325,13101,13,24),(25,'7.451.087-6','1','2','2024-01-09','89098098',NULL,NULL,NULL,34);
/*!40000 ALTER TABLE `usuarios_personas` ENABLE KEYS */;
UNLOCK TABLES;

--
-- Table structure for table `usuarios_registros`
--

DROP TABLE IF EXISTS `usuarios_registros`;
/*!40101 SET @saved_cs_client     = @@character_set_client */;
/*!50503 SET character_set_client = utf8mb4 */;
CREATE TABLE `usuarios_registros` (
  `id` bigint(20) NOT NULL AUTO_INCREMENT,
  `fregistro` date NOT NULL,
  `rut` varchar(45) NOT NULL,
  `nombre` varchar(150) NOT NULL,
  `apellido` varchar(150) NOT NULL,
  `email` varchar(150) NOT NULL,
  `telefono` varchar(20) NOT NULL,
  `token` varchar(64) NOT NULL,
  `fpago` bigint(20) DEFAULT NULL,
  `plan` bigint(20) DEFAULT NULL,
  `fnacimiento` date DEFAULT NULL,
  `solicita` varchar(1) NOT NULL,
  PRIMARY KEY (`id`)
) ENGINE=InnoDB AUTO_INCREMENT=23 DEFAULT CHARSET=utf8mb4 COLLATE=utf8mb4_general_ci;
/*!40101 SET character_set_client = @saved_cs_client */;

--
-- Dumping data for table `usuarios_registros`
--

LOCK TABLES `usuarios_registros` WRITE;
/*!40000 ALTER TABLE `usuarios_registros` DISABLE KEYS */;
INSERT INTO `usuarios_registros` VALUES (22,'2024-06-19','7.451.087-6','Armando','Conlledo','aconlledo@vilco.cl','89098098','fpt3EgJM2OsyKBeCgxSvY5GOPOVgIM1MyMwYGE2BK1YTlxWzZoR9DgYOCO5vTf9B',1,4,'2024-01-09','1');
/*!40000 ALTER TABLE `usuarios_registros` ENABLE KEYS */;
UNLOCK TABLES;
/*!40103 SET TIME_ZONE=@OLD_TIME_ZONE */;

/*!40101 SET SQL_MODE=@OLD_SQL_MODE */;
/*!40014 SET FOREIGN_KEY_CHECKS=@OLD_FOREIGN_KEY_CHECKS */;
/*!40014 SET UNIQUE_CHECKS=@OLD_UNIQUE_CHECKS */;
/*!40101 SET CHARACTER_SET_CLIENT=@OLD_CHARACTER_SET_CLIENT */;
/*!40101 SET CHARACTER_SET_RESULTS=@OLD_CHARACTER_SET_RESULTS */;
/*!40101 SET COLLATION_CONNECTION=@OLD_COLLATION_CONNECTION */;
/*!40111 SET SQL_NOTES=@OLD_SQL_NOTES */;

-- Dump completed on 2024-06-26 20:02:48
